"Species","Region","Year","Value","Metric","Description","Units","AssessmentYear","Age","Category"
"Scup","Atlantic Coast",1981,19514,"Catch","Total Catch","Metric Tons",2019,"No age","Other"
"Scup","Atlantic Coast",1982,16751,"Catch","Total Catch","Metric Tons",2019,"No age","Other"
"Scup","Atlantic Coast",1983,15336,"Catch","Total Catch","Metric Tons",2019,"No age","Other"
"Scup","Atlantic Coast",1984,12836,"Catch","Total Catch","Metric Tons",2019,"No age","Other"
"Scup","Atlantic Coast",1985,14989,"Catch","Total Catch","Metric Tons",2019,"No age","Other"
"Scup","Atlantic Coast",1986,16965,"Catch","Total Catch","Metric Tons",2019,"No age","Other"
"Scup","Atlantic Coast",1987,13902,"Catch","Total Catch","Metric Tons",2019,"No age","Other"
"Scup","Atlantic Coast",1988,11882,"Catch","Total Catch","Metric Tons",2019,"No age","Other"
"Scup","Atlantic Coast",1989,10096,"Catch","Total Catch","Metric Tons",2019,"No age","Other"
"Scup","Atlantic Coast",1990,10350,"Catch","Total Catch","Metric Tons",2019,"No age","Other"
"Scup","Atlantic Coast",1991,16401,"Catch","Total Catch","Metric Tons",2019,"No age","Other"
"Scup","Atlantic Coast",1992,12496,"Catch","Total Catch","Metric Tons",2019,"No age","Other"
"Scup","Atlantic Coast",1993,8367,"Catch","Total Catch","Metric Tons",2019,"No age","Other"
"Scup","Atlantic Coast",1994,7348,"Catch","Total Catch","Metric Tons",2019,"No age","Other"
"Scup","Atlantic Coast",1995,5115,"Catch","Total Catch","Metric Tons",2019,"No age","Other"
"Scup","Atlantic Coast",1996,5874,"Catch","Total Catch","Metric Tons",2019,"No age","Other"
"Scup","Atlantic Coast",1997,4053,"Catch","Total Catch","Metric Tons",2019,"No age","Other"
"Scup","Atlantic Coast",1998,3485,"Catch","Total Catch","Metric Tons",2019,"No age","Other"
"Scup","Atlantic Coast",1999,4390,"Catch","Total Catch","Metric Tons",2019,"No age","Other"
"Scup","Atlantic Coast",2000,7216,"Catch","Total Catch","Metric Tons",2019,"No age","Other"
"Scup","Atlantic Coast",2001,8251,"Catch","Total Catch","Metric Tons",2019,"No age","Other"
"Scup","Atlantic Coast",2002,7710,"Catch","Total Catch","Metric Tons",2019,"No age","Other"
"Scup","Atlantic Coast",2003,13109,"Catch","Total Catch","Metric Tons",2019,"No age","Other"
"Scup","Atlantic Coast",2004,11972,"Catch","Total Catch","Metric Tons",2019,"No age","Other"
"Scup","Atlantic Coast",2005,6637,"Catch","Total Catch","Metric Tons",2019,"No age","Other"
"Scup","Atlantic Coast",2006,8304,"Catch","Total Catch","Metric Tons",2019,"No age","Other"
"Scup","Atlantic Coast",2007,9183,"Catch","Total Catch","Metric Tons",2019,"No age","Other"
"Scup","Atlantic Coast",2008,7284,"Catch","Total Catch","Metric Tons",2019,"No age","Other"
"Scup","Atlantic Coast",2009,10313,"Catch","Total Catch","Metric Tons",2019,"No age","Other"
"Scup","Atlantic Coast",2010,13951,"Catch","Total Catch","Metric Tons",2019,"No age","Other"
"Scup","Atlantic Coast",2011,13252,"Catch","Total Catch","Metric Tons",2019,"No age","Other"
"Scup","Atlantic Coast",2012,12166,"Catch","Total Catch","Metric Tons",2019,"No age","Other"
"Scup","Atlantic Coast",2013,15692,"Catch","Total Catch","Metric Tons",2019,"No age","Other"
"Scup","Atlantic Coast",2014,13382,"Catch","Total Catch","Metric Tons",2019,"No age","Other"
"Scup","Atlantic Coast",2015,15606,"Catch","Total Catch","Metric Tons",2019,"No age","Other"
"Scup","Atlantic Coast",2016,15317,"Catch","Total Catch","Metric Tons",2019,"No age","Other"
"Scup","Atlantic Coast",2017,18961,"Catch","Total Catch","Metric Tons",2019,"No age","Other"
"Scup","Atlantic Coast",2018,15888,"Catch","Total Catch","Metric Tons",2019,"No age","Other"
"Scup","Atlantic Coast",1984,0.944000005722046,"Fmort","Fully Selected F, Age 3","Rate",2019,"Age 3","Other"
"Scup","Atlantic Coast",1985,1.05299997329712,"Fmort","Fully Selected F, Age 3","Rate",2019,"Age 3","Other"
"Scup","Atlantic Coast",1986,0.966000020503998,"Fmort","Fully Selected F, Age 3","Rate",2019,"Age 3","Other"
"Scup","Atlantic Coast",1987,1.01699995994568,"Fmort","Fully Selected F, Age 3","Rate",2019,"Age 3","Other"
"Scup","Atlantic Coast",1988,1.04100000858307,"Fmort","Fully Selected F, Age 3","Rate",2019,"Age 3","Other"
"Scup","Atlantic Coast",1989,0.921999990940094,"Fmort","Fully Selected F, Age 3","Rate",2019,"Age 3","Other"
"Scup","Atlantic Coast",1990,0.799000024795532,"Fmort","Fully Selected F, Age 3","Rate",2019,"Age 3","Other"
"Scup","Atlantic Coast",1991,1.32099997997284,"Fmort","Fully Selected F, Age 3","Rate",2019,"Age 3","Other"
"Scup","Atlantic Coast",1992,1.37800002098083,"Fmort","Fully Selected F, Age 3","Rate",2019,"Age 3","Other"
"Scup","Atlantic Coast",1993,1.31599998474121,"Fmort","Fully Selected F, Age 3","Rate",2019,"Age 3","Other"
"Scup","Atlantic Coast",1994,1.59300005435944,"Fmort","Fully Selected F, Age 3","Rate",2019,"Age 3","Other"
"Scup","Atlantic Coast",1995,1.24800002574921,"Fmort","Fully Selected F, Age 3","Rate",2019,"Age 3","Other"
"Scup","Atlantic Coast",1996,0.989000022411346,"Fmort","Fully Selected F, Age 3","Rate",2019,"Age 3","Other"
"Scup","Atlantic Coast",1997,0.726999998092651,"Fmort","Fully Selected F, Age 3","Rate",2019,"Age 3","Other"
"Scup","Atlantic Coast",1998,0.437000006437302,"Fmort","Fully Selected F, Age 3","Rate",2019,"Age 3","Other"
"Scup","Atlantic Coast",1999,0.279000014066696,"Fmort","Fully Selected F, Age 3","Rate",2019,"Age 3","Other"
"Scup","Atlantic Coast",2000,0.226999998092651,"Fmort","Fully Selected F, Age 3","Rate",2019,"Age 3","Other"
"Scup","Atlantic Coast",2001,0.123999997973442,"Fmort","Fully Selected F, Age 3","Rate",2019,"Age 3","Other"
"Scup","Atlantic Coast",2002,0.090999998152256,"Fmort","Fully Selected F, Age 3","Rate",2019,"Age 3","Other"
"Scup","Atlantic Coast",2003,0.125,"Fmort","Fully Selected F, Age 3","Rate",2019,"Age 3","Other"
"Scup","Atlantic Coast",2004,0.111000001430511,"Fmort","Fully Selected F, Age 3","Rate",2019,"Age 3","Other"
"Scup","Atlantic Coast",2005,0.0689999982714653,"Fmort","Fully Selected F, Age 3","Rate",2019,"Age 3","Other"
"Scup","Atlantic Coast",2006,0.0970000028610229,"Fmort","Fully Selected F, Age 3","Rate",2019,"Age 3","Other"
"Scup","Atlantic Coast",2007,0.0930000022053719,"Fmort","Fully Selected F, Age 3","Rate",2019,"Age 3","Other"
"Scup","Atlantic Coast",2008,0.0659999996423721,"Fmort","Fully Selected F, Age 3","Rate",2019,"Age 3","Other"
"Scup","Atlantic Coast",2009,0.0740000009536743,"Fmort","Fully Selected F, Age 3","Rate",2019,"Age 3","Other"
"Scup","Atlantic Coast",2010,0.0900000035762787,"Fmort","Fully Selected F, Age 3","Rate",2019,"Age 3","Other"
"Scup","Atlantic Coast",2011,0.0860000029206276,"Fmort","Fully Selected F, Age 3","Rate",2019,"Age 3","Other"
"Scup","Atlantic Coast",2012,0.0860000029206276,"Fmort","Fully Selected F, Age 3","Rate",2019,"Age 3","Other"
"Scup","Atlantic Coast",2013,0.119000002741814,"Fmort","Fully Selected F, Age 3","Rate",2019,"Age 3","Other"
"Scup","Atlantic Coast",2014,0.112999998033047,"Fmort","Fully Selected F, Age 3","Rate",2019,"Age 3","Other"
"Scup","Atlantic Coast",2015,0.158000007271767,"Fmort","Fully Selected F, Age 3","Rate",2019,"Age 3","Other"
"Scup","Atlantic Coast",2016,0.140000000596046,"Fmort","Fully Selected F, Age 3","Rate",2019,"Age 3","Other"
"Scup","Atlantic Coast",2017,0.166999995708466,"Fmort","Fully Selected F, Age 3","Rate",2019,"Age 3","Other"
"Scup","Atlantic Coast",2018,0.158000007271767,"Fmort","Fully Selected F, Age 3","Rate",2019,"Age 3","Other"
"Scup","Atlantic Coast",1984,1.47e+08,"Recruitment","Recruits, Age 0","Number",2019,"Age 0","Other"
"Scup","Atlantic Coast",1985,1.34e+08,"Recruitment","Recruits, Age 0","Number",2019,"Age 0","Other"
"Scup","Atlantic Coast",1986,9.3e+07,"Recruitment","Recruits, Age 0","Number",2019,"Age 0","Other"
"Scup","Atlantic Coast",1987,7e+07,"Recruitment","Recruits, Age 0","Number",2019,"Age 0","Other"
"Scup","Atlantic Coast",1988,1.3e+08,"Recruitment","Recruits, Age 0","Number",2019,"Age 0","Other"
"Scup","Atlantic Coast",1989,7.5e+07,"Recruitment","Recruits, Age 0","Number",2019,"Age 0","Other"
"Scup","Atlantic Coast",1990,1.12e+08,"Recruitment","Recruits, Age 0","Number",2019,"Age 0","Other"
"Scup","Atlantic Coast",1991,9.9e+07,"Recruitment","Recruits, Age 0","Number",2019,"Age 0","Other"
"Scup","Atlantic Coast",1992,4e+07,"Recruitment","Recruits, Age 0","Number",2019,"Age 0","Other"
"Scup","Atlantic Coast",1993,4e+07,"Recruitment","Recruits, Age 0","Number",2019,"Age 0","Other"
"Scup","Atlantic Coast",1994,7.3e+07,"Recruitment","Recruits, Age 0","Number",2019,"Age 0","Other"
"Scup","Atlantic Coast",1995,4.3e+07,"Recruitment","Recruits, Age 0","Number",2019,"Age 0","Other"
"Scup","Atlantic Coast",1996,3.7e+07,"Recruitment","Recruits, Age 0","Number",2019,"Age 0","Other"
"Scup","Atlantic Coast",1997,9.6e+07,"Recruitment","Recruits, Age 0","Number",2019,"Age 0","Other"
"Scup","Atlantic Coast",1998,1.1e+08,"Recruitment","Recruits, Age 0","Number",2019,"Age 0","Other"
"Scup","Atlantic Coast",1999,2.31e+08,"Recruitment","Recruits, Age 0","Number",2019,"Age 0","Other"
"Scup","Atlantic Coast",2000,1.54e+08,"Recruitment","Recruits, Age 0","Number",2019,"Age 0","Other"
"Scup","Atlantic Coast",2001,1.43e+08,"Recruitment","Recruits, Age 0","Number",2019,"Age 0","Other"
"Scup","Atlantic Coast",2002,9.1e+07,"Recruitment","Recruits, Age 0","Number",2019,"Age 0","Other"
"Scup","Atlantic Coast",2003,9.2e+07,"Recruitment","Recruits, Age 0","Number",2019,"Age 0","Other"
"Scup","Atlantic Coast",2004,1.42e+08,"Recruitment","Recruits, Age 0","Number",2019,"Age 0","Other"
"Scup","Atlantic Coast",2005,2.26e+08,"Recruitment","Recruits, Age 0","Number",2019,"Age 0","Other"
"Scup","Atlantic Coast",2006,2.64e+08,"Recruitment","Recruits, Age 0","Number",2019,"Age 0","Other"
"Scup","Atlantic Coast",2007,2.62e+08,"Recruitment","Recruits, Age 0","Number",2019,"Age 0","Other"
"Scup","Atlantic Coast",2008,2.31e+08,"Recruitment","Recruits, Age 0","Number",2019,"Age 0","Other"
"Scup","Atlantic Coast",2009,1.28e+08,"Recruitment","Recruits, Age 0","Number",2019,"Age 0","Other"
"Scup","Atlantic Coast",2010,1.43e+08,"Recruitment","Recruits, Age 0","Number",2019,"Age 0","Other"
"Scup","Atlantic Coast",2011,1.99e+08,"Recruitment","Recruits, Age 0","Number",2019,"Age 0","Other"
"Scup","Atlantic Coast",2012,1.14e+08,"Recruitment","Recruits, Age 0","Number",2019,"Age 0","Other"
"Scup","Atlantic Coast",2013,1.06e+08,"Recruitment","Recruits, Age 0","Number",2019,"Age 0","Other"
"Scup","Atlantic Coast",2014,2.35e+08,"Recruitment","Recruits, Age 0","Number",2019,"Age 0","Other"
"Scup","Atlantic Coast",2015,3.26e+08,"Recruitment","Recruits, Age 0","Number",2019,"Age 0","Other"
"Scup","Atlantic Coast",2016,1.12e+08,"Recruitment","Recruits, Age 0","Number",2019,"Age 0","Other"
"Scup","Atlantic Coast",2017,9.3e+07,"Recruitment","Recruits, Age 0","Number",2019,"Age 0","Other"
"Scup","Atlantic Coast",2018,8.3e+07,"Recruitment","Recruits, Age 0","Number",2019,"Age 0","Other"
"Scup","Atlantic Coast",1984,11091,"Biomass","Spawning Stock Biomass","Metric Tons",2019,"No age","Spawning Stock"
"Scup","Atlantic Coast",1985,14688,"Biomass","Spawning Stock Biomass","Metric Tons",2019,"No age","Spawning Stock"
"Scup","Atlantic Coast",1986,13928,"Biomass","Spawning Stock Biomass","Metric Tons",2019,"No age","Spawning Stock"
"Scup","Atlantic Coast",1987,11667,"Biomass","Spawning Stock Biomass","Metric Tons",2019,"No age","Spawning Stock"
"Scup","Atlantic Coast",1988,9353,"Biomass","Spawning Stock Biomass","Metric Tons",2019,"No age","Spawning Stock"
"Scup","Atlantic Coast",1989,8809,"Biomass","Spawning Stock Biomass","Metric Tons",2019,"No age","Spawning Stock"
"Scup","Atlantic Coast",1990,11291,"Biomass","Spawning Stock Biomass","Metric Tons",2019,"No age","Spawning Stock"
"Scup","Atlantic Coast",1991,9290,"Biomass","Spawning Stock Biomass","Metric Tons",2019,"No age","Spawning Stock"
"Scup","Atlantic Coast",1992,7518,"Biomass","Spawning Stock Biomass","Metric Tons",2019,"No age","Spawning Stock"
"Scup","Atlantic Coast",1993,5713,"Biomass","Spawning Stock Biomass","Metric Tons",2019,"No age","Spawning Stock"
"Scup","Atlantic Coast",1994,4229,"Biomass","Spawning Stock Biomass","Metric Tons",2019,"No age","Spawning Stock"
"Scup","Atlantic Coast",1995,3548,"Biomass","Spawning Stock Biomass","Metric Tons",2019,"No age","Spawning Stock"
"Scup","Atlantic Coast",1996,6209,"Biomass","Spawning Stock Biomass","Metric Tons",2019,"No age","Spawning Stock"
"Scup","Atlantic Coast",1997,6505,"Biomass","Spawning Stock Biomass","Metric Tons",2019,"No age","Spawning Stock"
"Scup","Atlantic Coast",1998,7932,"Biomass","Spawning Stock Biomass","Metric Tons",2019,"No age","Spawning Stock"
"Scup","Atlantic Coast",1999,16868,"Biomass","Spawning Stock Biomass","Metric Tons",2019,"No age","Spawning Stock"
"Scup","Atlantic Coast",2000,33108,"Biomass","Spawning Stock Biomass","Metric Tons",2019,"No age","Spawning Stock"
"Scup","Atlantic Coast",2001,61166,"Biomass","Spawning Stock Biomass","Metric Tons",2019,"No age","Spawning Stock"
"Scup","Atlantic Coast",2002,85072,"Biomass","Spawning Stock Biomass","Metric Tons",2019,"No age","Spawning Stock"
"Scup","Atlantic Coast",2003,106588,"Biomass","Spawning Stock Biomass","Metric Tons",2019,"No age","Spawning Stock"
"Scup","Atlantic Coast",2004,118173,"Biomass","Spawning Stock Biomass","Metric Tons",2019,"No age","Spawning Stock"
"Scup","Atlantic Coast",2005,121024,"Biomass","Spawning Stock Biomass","Metric Tons",2019,"No age","Spawning Stock"
"Scup","Atlantic Coast",2006,132421,"Biomass","Spawning Stock Biomass","Metric Tons",2019,"No age","Spawning Stock"
"Scup","Atlantic Coast",2007,145789,"Biomass","Spawning Stock Biomass","Metric Tons",2019,"No age","Spawning Stock"
"Scup","Atlantic Coast",2008,172480,"Biomass","Spawning Stock Biomass","Metric Tons",2019,"No age","Spawning Stock"
"Scup","Atlantic Coast",2009,194081,"Biomass","Spawning Stock Biomass","Metric Tons",2019,"No age","Spawning Stock"
"Scup","Atlantic Coast",2010,234435,"Biomass","Spawning Stock Biomass","Metric Tons",2019,"No age","Spawning Stock"
"Scup","Atlantic Coast",2011,236631,"Biomass","Spawning Stock Biomass","Metric Tons",2019,"No age","Spawning Stock"
"Scup","Atlantic Coast",2012,236703,"Biomass","Spawning Stock Biomass","Metric Tons",2019,"No age","Spawning Stock"
"Scup","Atlantic Coast",2013,237483,"Biomass","Spawning Stock Biomass","Metric Tons",2019,"No age","Spawning Stock"
"Scup","Atlantic Coast",2014,224139,"Biomass","Spawning Stock Biomass","Metric Tons",2019,"No age","Spawning Stock"
"Scup","Atlantic Coast",2015,191237,"Biomass","Spawning Stock Biomass","Metric Tons",2019,"No age","Spawning Stock"
"Scup","Atlantic Coast",2016,199856,"Biomass","Spawning Stock Biomass","Metric Tons",2019,"No age","Spawning Stock"
"Scup","Atlantic Coast",2017,193258,"Biomass","Spawning Stock Biomass","Metric Tons",2019,"No age","Spawning Stock"
"Scup","Atlantic Coast",2018,186578,"Biomass","Spawning Stock Biomass","Metric Tons",2019,"No age","Spawning Stock"
"Scup","Atlantic Coast",1981,17526,"Catch","Reported Catch, Total (Mean)","Metric Tons",2017,"No age","Other"
"Scup","Atlantic Coast",1982,15518,"Catch","Reported Catch, Total (Mean)","Metric Tons",2017,"No age","Other"
"Scup","Atlantic Coast",1983,14765,"Catch","Reported Catch, Total (Mean)","Metric Tons",2017,"No age","Other"
"Scup","Atlantic Coast",1984,12641,"Catch","Reported Catch, Total (Mean)","Metric Tons",2017,"No age","Other"
"Scup","Atlantic Coast",1985,13123,"Catch","Reported Catch, Total (Mean)","Metric Tons",2017,"No age","Other"
"Scup","Atlantic Coast",1986,16769,"Catch","Reported Catch, Total (Mean)","Metric Tons",2017,"No age","Other"
"Scup","Atlantic Coast",1987,12503,"Catch","Reported Catch, Total (Mean)","Metric Tons",2017,"No age","Other"
"Scup","Atlantic Coast",1988,10977,"Catch","Reported Catch, Total (Mean)","Metric Tons",2017,"No age","Other"
"Scup","Atlantic Coast",1989,8285,"Catch","Reported Catch, Total (Mean)","Metric Tons",2017,"No age","Other"
"Scup","Atlantic Coast",1990,9299,"Catch","Reported Catch, Total (Mean)","Metric Tons",2017,"No age","Other"
"Scup","Atlantic Coast",1991,14892,"Catch","Reported Catch, Total (Mean)","Metric Tons",2017,"No age","Other"
"Scup","Atlantic Coast",1992,10562,"Catch","Reported Catch, Total (Mean)","Metric Tons",2017,"No age","Other"
"Scup","Atlantic Coast",1993,7981,"Catch","Reported Catch, Total (Mean)","Metric Tons",2017,"No age","Other"
"Scup","Atlantic Coast",1994,6804,"Catch","Reported Catch, Total (Mean)","Metric Tons",2017,"No age","Other"
"Scup","Atlantic Coast",1995,4781,"Catch","Reported Catch, Total (Mean)","Metric Tons",2017,"No age","Other"
"Scup","Atlantic Coast",1996,4993,"Catch","Reported Catch, Total (Mean)","Metric Tons",2017,"No age","Other"
"Scup","Atlantic Coast",1997,3514,"Catch","Reported Catch, Total (Mean)","Metric Tons",2017,"No age","Other"
"Scup","Atlantic Coast",1998,3086,"Catch","Reported Catch, Total (Mean)","Metric Tons",2017,"No age","Other"
"Scup","Atlantic Coast",1999,3259,"Catch","Reported Catch, Total (Mean)","Metric Tons",2017,"No age","Other"
"Scup","Atlantic Coast",2000,4779,"Catch","Reported Catch, Total (Mean)","Metric Tons",2017,"No age","Other"
"Scup","Atlantic Coast",2001,5869,"Catch","Reported Catch, Total (Mean)","Metric Tons",2017,"No age","Other"
"Scup","Atlantic Coast",2002,6553,"Catch","Reported Catch, Total (Mean)","Metric Tons",2017,"No age","Other"
"Scup","Atlantic Coast",2003,9566,"Catch","Reported Catch, Total (Mean)","Metric Tons",2017,"No age","Other"
"Scup","Atlantic Coast",2004,8993,"Catch","Reported Catch, Total (Mean)","Metric Tons",2017,"No age","Other"
"Scup","Atlantic Coast",2005,5761,"Catch","Reported Catch, Total (Mean)","Metric Tons",2017,"No age","Other"
"Scup","Atlantic Coast",2006,7084,"Catch","Reported Catch, Total (Mean)","Metric Tons",2017,"No age","Other"
"Scup","Atlantic Coast",2007,7987,"Catch","Reported Catch, Total (Mean)","Metric Tons",2017,"No age","Other"
"Scup","Atlantic Coast",2008,6624,"Catch","Reported Catch, Total (Mean)","Metric Tons",2017,"No age","Other"
"Scup","Atlantic Coast",2009,8583,"Catch","Reported Catch, Total (Mean)","Metric Tons",2017,"No age","Other"
"Scup","Atlantic Coast",2010,10537,"Catch","Reported Catch, Total (Mean)","Metric Tons",2017,"No age","Other"
"Scup","Atlantic Coast",2011,9858,"Catch","Reported Catch, Total (Mean)","Metric Tons",2017,"No age","Other"
"Scup","Atlantic Coast",2012,9853,"Catch","Reported Catch, Total (Mean)","Metric Tons",2017,"No age","Other"
"Scup","Atlantic Coast",2013,12072,"Catch","Reported Catch, Total (Mean)","Metric Tons",2017,"No age","Other"
"Scup","Atlantic Coast",2014,10596,"Catch","Reported Catch, Total (Mean)","Metric Tons",2017,"No age","Other"
"Scup","Atlantic Coast",2015,12020,"Catch","Reported Catch, Total (Mean)","Metric Tons",2017,"No age","Other"
"Scup","Atlantic Coast",2016,12205,"Catch","Reported Catch, Total (Mean)","Metric Tons",2017,"No age","Other"
"Scup","Atlantic Coast",1984,0.958000004291534,"Fmort","Mean F, Age 3","Rate",2017,"Age 3","Other"
"Scup","Atlantic Coast",1985,0.89300000667572,"Fmort","Mean F, Age 3","Rate",2017,"Age 3","Other"
"Scup","Atlantic Coast",1986,1.05799996852875,"Fmort","Mean F, Age 3","Rate",2017,"Age 3","Other"
"Scup","Atlantic Coast",1987,1.07500004768372,"Fmort","Mean F, Age 3","Rate",2017,"Age 3","Other"
"Scup","Atlantic Coast",1988,1.10199999809265,"Fmort","Mean F, Age 3","Rate",2017,"Age 3","Other"
"Scup","Atlantic Coast",1989,0.961000025272369,"Fmort","Mean F, Age 3","Rate",2017,"Age 3","Other"
"Scup","Atlantic Coast",1990,0.810000002384186,"Fmort","Mean F, Age 3","Rate",2017,"Age 3","Other"
"Scup","Atlantic Coast",1991,1.35899996757507,"Fmort","Mean F, Age 3","Rate",2017,"Age 3","Other"
"Scup","Atlantic Coast",1992,1.35500001907349,"Fmort","Mean F, Age 3","Rate",2017,"Age 3","Other"
"Scup","Atlantic Coast",1993,1.33700001239777,"Fmort","Mean F, Age 3","Rate",2017,"Age 3","Other"
"Scup","Atlantic Coast",1994,1.52300000190735,"Fmort","Mean F, Age 3","Rate",2017,"Age 3","Other"
"Scup","Atlantic Coast",1995,1.18299996852875,"Fmort","Mean F, Age 3","Rate",2017,"Age 3","Other"
"Scup","Atlantic Coast",1996,0.991999983787537,"Fmort","Mean F, Age 3","Rate",2017,"Age 3","Other"
"Scup","Atlantic Coast",1997,0.768999993801117,"Fmort","Mean F, Age 3","Rate",2017,"Age 3","Other"
"Scup","Atlantic Coast",1998,0.479000002145767,"Fmort","Mean F, Age 3","Rate",2017,"Age 3","Other"
"Scup","Atlantic Coast",1999,0.254000008106232,"Fmort","Mean F, Age 3","Rate",2017,"Age 3","Other"
"Scup","Atlantic Coast",2000,0.165000006556511,"Fmort","Mean F, Age 3","Rate",2017,"Age 3","Other"
"Scup","Atlantic Coast",2001,0.096000000834465,"Fmort","Mean F, Age 3","Rate",2017,"Age 3","Other"
"Scup","Atlantic Coast",2002,0.0759999975562096,"Fmort","Mean F, Age 3","Rate",2017,"Age 3","Other"
"Scup","Atlantic Coast",2003,0.0900000035762787,"Fmort","Mean F, Age 3","Rate",2017,"Age 3","Other"
"Scup","Atlantic Coast",2004,0.0839999988675117,"Fmort","Mean F, Age 3","Rate",2017,"Age 3","Other"
"Scup","Atlantic Coast",2005,0.0570000000298023,"Fmort","Mean F, Age 3","Rate",2017,"Age 3","Other"
"Scup","Atlantic Coast",2006,0.0790000036358833,"Fmort","Mean F, Age 3","Rate",2017,"Age 3","Other"
"Scup","Atlantic Coast",2007,0.0790000036358833,"Fmort","Mean F, Age 3","Rate",2017,"Age 3","Other"
"Scup","Atlantic Coast",2008,0.0560000017285347,"Fmort","Mean F, Age 3","Rate",2017,"Age 3","Other"
"Scup","Atlantic Coast",2009,0.0649999976158142,"Fmort","Mean F, Age 3","Rate",2017,"Age 3","Other"
"Scup","Atlantic Coast",2010,0.0729999989271164,"Fmort","Mean F, Age 3","Rate",2017,"Age 3","Other"
"Scup","Atlantic Coast",2011,0.0710000023245811,"Fmort","Mean F, Age 3","Rate",2017,"Age 3","Other"
"Scup","Atlantic Coast",2012,0.0759999975562096,"Fmort","Mean F, Age 3","Rate",2017,"Age 3","Other"
"Scup","Atlantic Coast",2013,0.104999996721745,"Fmort","Mean F, Age 3","Rate",2017,"Age 3","Other"
"Scup","Atlantic Coast",2014,0.104000002145767,"Fmort","Mean F, Age 3","Rate",2017,"Age 3","Other"
"Scup","Atlantic Coast",2015,0.148000001907349,"Fmort","Mean F, Age 3","Rate",2017,"Age 3","Other"
"Scup","Atlantic Coast",2016,0.138999998569489,"Fmort","Mean F, Age 3","Rate",2017,"Age 3","Other"
"Scup","Atlantic Coast",1984,1.34e+08,"Recruitment","Abundance, Age 0 (Mean)","Number",2017,"Age 0","Other"
"Scup","Atlantic Coast",1985,1.28e+08,"Recruitment","Abundance, Age 0 (Mean)","Number",2017,"Age 0","Other"
"Scup","Atlantic Coast",1986,8.3e+07,"Recruitment","Abundance, Age 0 (Mean)","Number",2017,"Age 0","Other"
"Scup","Atlantic Coast",1987,6.4e+07,"Recruitment","Abundance, Age 0 (Mean)","Number",2017,"Age 0","Other"
"Scup","Atlantic Coast",1988,1.18e+08,"Recruitment","Abundance, Age 0 (Mean)","Number",2017,"Age 0","Other"
"Scup","Atlantic Coast",1989,6.8e+07,"Recruitment","Abundance, Age 0 (Mean)","Number",2017,"Age 0","Other"
"Scup","Atlantic Coast",1990,1e+08,"Recruitment","Abundance, Age 0 (Mean)","Number",2017,"Age 0","Other"
"Scup","Atlantic Coast",1991,9e+07,"Recruitment","Abundance, Age 0 (Mean)","Number",2017,"Age 0","Other"
"Scup","Atlantic Coast",1992,3.7e+07,"Recruitment","Abundance, Age 0 (Mean)","Number",2017,"Age 0","Other"
"Scup","Atlantic Coast",1993,3.8e+07,"Recruitment","Abundance, Age 0 (Mean)","Number",2017,"Age 0","Other"
"Scup","Atlantic Coast",1994,6.2e+07,"Recruitment","Abundance, Age 0 (Mean)","Number",2017,"Age 0","Other"
"Scup","Atlantic Coast",1995,3.6e+07,"Recruitment","Abundance, Age 0 (Mean)","Number",2017,"Age 0","Other"
"Scup","Atlantic Coast",1996,3.1e+07,"Recruitment","Abundance, Age 0 (Mean)","Number",2017,"Age 0","Other"
"Scup","Atlantic Coast",1997,8.2e+07,"Recruitment","Abundance, Age 0 (Mean)","Number",2017,"Age 0","Other"
"Scup","Atlantic Coast",1998,1.03e+08,"Recruitment","Abundance, Age 0 (Mean)","Number",2017,"Age 0","Other"
"Scup","Atlantic Coast",1999,2.33e+08,"Recruitment","Abundance, Age 0 (Mean)","Number",2017,"Age 0","Other"
"Scup","Atlantic Coast",2000,1.53e+08,"Recruitment","Abundance, Age 0 (Mean)","Number",2017,"Age 0","Other"
"Scup","Atlantic Coast",2001,1.45e+08,"Recruitment","Abundance, Age 0 (Mean)","Number",2017,"Age 0","Other"
"Scup","Atlantic Coast",2002,8.9e+07,"Recruitment","Abundance, Age 0 (Mean)","Number",2017,"Age 0","Other"
"Scup","Atlantic Coast",2003,9e+07,"Recruitment","Abundance, Age 0 (Mean)","Number",2017,"Age 0","Other"
"Scup","Atlantic Coast",2004,1.38e+08,"Recruitment","Abundance, Age 0 (Mean)","Number",2017,"Age 0","Other"
"Scup","Atlantic Coast",2005,2.18e+08,"Recruitment","Abundance, Age 0 (Mean)","Number",2017,"Age 0","Other"
"Scup","Atlantic Coast",2006,2.46e+08,"Recruitment","Abundance, Age 0 (Mean)","Number",2017,"Age 0","Other"
"Scup","Atlantic Coast",2007,2.39e+08,"Recruitment","Abundance, Age 0 (Mean)","Number",2017,"Age 0","Other"
"Scup","Atlantic Coast",2008,2.07e+08,"Recruitment","Abundance, Age 0 (Mean)","Number",2017,"Age 0","Other"
"Scup","Atlantic Coast",2009,1.12e+08,"Recruitment","Abundance, Age 0 (Mean)","Number",2017,"Age 0","Other"
"Scup","Atlantic Coast",2010,1.24e+08,"Recruitment","Abundance, Age 0 (Mean)","Number",2017,"Age 0","Other"
"Scup","Atlantic Coast",2011,1.66e+08,"Recruitment","Abundance, Age 0 (Mean)","Number",2017,"Age 0","Other"
"Scup","Atlantic Coast",2012,8.7e+07,"Recruitment","Abundance, Age 0 (Mean)","Number",2017,"Age 0","Other"
"Scup","Atlantic Coast",2013,8e+07,"Recruitment","Abundance, Age 0 (Mean)","Number",2017,"Age 0","Other"
"Scup","Atlantic Coast",2014,1.75e+08,"Recruitment","Abundance, Age 0 (Mean)","Number",2017,"Age 0","Other"
"Scup","Atlantic Coast",2015,2.52e+08,"Recruitment","Abundance, Age 0 (Mean)","Number",2017,"Age 0","Other"
"Scup","Atlantic Coast",2016,6.5e+07,"Recruitment","Abundance, Age 0 (Mean)","Number",2017,"Age 0","Other"
"Scup","Atlantic Coast",1984,11467,"Biomass","Mature Biomass (Mean)","Metric Tons",2017,"No age","Mature"
"Scup","Atlantic Coast",1985,15207,"Biomass","Mature Biomass (Mean)","Metric Tons",2017,"No age","Mature"
"Scup","Atlantic Coast",1986,14499,"Biomass","Mature Biomass (Mean)","Metric Tons",2017,"No age","Mature"
"Scup","Atlantic Coast",1987,11407,"Biomass","Mature Biomass (Mean)","Metric Tons",2017,"No age","Mature"
"Scup","Atlantic Coast",1988,8656,"Biomass","Mature Biomass (Mean)","Metric Tons",2017,"No age","Mature"
"Scup","Atlantic Coast",1989,7510,"Biomass","Mature Biomass (Mean)","Metric Tons",2017,"No age","Mature"
"Scup","Atlantic Coast",1990,10432,"Biomass","Mature Biomass (Mean)","Metric Tons",2017,"No age","Mature"
"Scup","Atlantic Coast",1991,8469,"Biomass","Mature Biomass (Mean)","Metric Tons",2017,"No age","Mature"
"Scup","Atlantic Coast",1992,6996,"Biomass","Mature Biomass (Mean)","Metric Tons",2017,"No age","Mature"
"Scup","Atlantic Coast",1993,5590,"Biomass","Mature Biomass (Mean)","Metric Tons",2017,"No age","Mature"
"Scup","Atlantic Coast",1994,4241,"Biomass","Mature Biomass (Mean)","Metric Tons",2017,"No age","Mature"
"Scup","Atlantic Coast",1995,3679,"Biomass","Mature Biomass (Mean)","Metric Tons",2017,"No age","Mature"
"Scup","Atlantic Coast",1996,5535,"Biomass","Mature Biomass (Mean)","Metric Tons",2017,"No age","Mature"
"Scup","Atlantic Coast",1997,5663,"Biomass","Mature Biomass (Mean)","Metric Tons",2017,"No age","Mature"
"Scup","Atlantic Coast",1998,7003,"Biomass","Mature Biomass (Mean)","Metric Tons",2017,"No age","Mature"
"Scup","Atlantic Coast",1999,14266,"Biomass","Mature Biomass (Mean)","Metric Tons",2017,"No age","Mature"
"Scup","Atlantic Coast",2000,29777,"Biomass","Mature Biomass (Mean)","Metric Tons",2017,"No age","Mature"
"Scup","Atlantic Coast",2001,57127,"Biomass","Mature Biomass (Mean)","Metric Tons",2017,"No age","Mature"
"Scup","Atlantic Coast",2002,85742,"Biomass","Mature Biomass (Mean)","Metric Tons",2017,"No age","Mature"
"Scup","Atlantic Coast",2003,111574,"Biomass","Mature Biomass (Mean)","Metric Tons",2017,"No age","Mature"
"Scup","Atlantic Coast",2004,118294,"Biomass","Mature Biomass (Mean)","Metric Tons",2017,"No age","Mature"
"Scup","Atlantic Coast",2005,129788,"Biomass","Mature Biomass (Mean)","Metric Tons",2017,"No age","Mature"
"Scup","Atlantic Coast",2006,140476,"Biomass","Mature Biomass (Mean)","Metric Tons",2017,"No age","Mature"
"Scup","Atlantic Coast",2007,154377,"Biomass","Mature Biomass (Mean)","Metric Tons",2017,"No age","Mature"
"Scup","Atlantic Coast",2008,177819,"Biomass","Mature Biomass (Mean)","Metric Tons",2017,"No age","Mature"
"Scup","Atlantic Coast",2009,194964,"Biomass","Mature Biomass (Mean)","Metric Tons",2017,"No age","Mature"
"Scup","Atlantic Coast",2010,230434,"Biomass","Mature Biomass (Mean)","Metric Tons",2017,"No age","Mature"
"Scup","Atlantic Coast",2011,233060,"Biomass","Mature Biomass (Mean)","Metric Tons",2017,"No age","Mature"
"Scup","Atlantic Coast",2012,231263,"Biomass","Mature Biomass (Mean)","Metric Tons",2017,"No age","Mature"
"Scup","Atlantic Coast",2013,226992,"Biomass","Mature Biomass (Mean)","Metric Tons",2017,"No age","Mature"
"Scup","Atlantic Coast",2014,213279,"Biomass","Mature Biomass (Mean)","Metric Tons",2017,"No age","Mature"
"Scup","Atlantic Coast",2015,174017,"Biomass","Mature Biomass (Mean)","Metric Tons",2017,"No age","Mature"
"Scup","Atlantic Coast",2016,179898,"Biomass","Mature Biomass (Mean)","Metric Tons",2017,"No age","Mature"
"Scup","Atlantic Coast",1984,12641,"Catch","Reported Catch, Total (Mean)","Metric Tons",2015,"No age","Other"
"Scup","Atlantic Coast",1985,13123,"Catch","Reported Catch, Total (Mean)","Metric Tons",2015,"No age","Other"
"Scup","Atlantic Coast",1986,16769,"Catch","Reported Catch, Total (Mean)","Metric Tons",2015,"No age","Other"
"Scup","Atlantic Coast",1987,12503,"Catch","Reported Catch, Total (Mean)","Metric Tons",2015,"No age","Other"
"Scup","Atlantic Coast",1988,10976,"Catch","Reported Catch, Total (Mean)","Metric Tons",2015,"No age","Other"
"Scup","Atlantic Coast",1989,8285,"Catch","Reported Catch, Total (Mean)","Metric Tons",2015,"No age","Other"
"Scup","Atlantic Coast",1990,9299,"Catch","Reported Catch, Total (Mean)","Metric Tons",2015,"No age","Other"
"Scup","Atlantic Coast",1991,14892,"Catch","Reported Catch, Total (Mean)","Metric Tons",2015,"No age","Other"
"Scup","Atlantic Coast",1992,10562,"Catch","Reported Catch, Total (Mean)","Metric Tons",2015,"No age","Other"
"Scup","Atlantic Coast",1993,7981,"Catch","Reported Catch, Total (Mean)","Metric Tons",2015,"No age","Other"
"Scup","Atlantic Coast",1994,6804,"Catch","Reported Catch, Total (Mean)","Metric Tons",2015,"No age","Other"
"Scup","Atlantic Coast",1995,4781,"Catch","Reported Catch, Total (Mean)","Metric Tons",2015,"No age","Other"
"Scup","Atlantic Coast",1996,4993,"Catch","Reported Catch, Total (Mean)","Metric Tons",2015,"No age","Other"
"Scup","Atlantic Coast",1997,3514,"Catch","Reported Catch, Total (Mean)","Metric Tons",2015,"No age","Other"
"Scup","Atlantic Coast",1998,3086,"Catch","Reported Catch, Total (Mean)","Metric Tons",2015,"No age","Other"
"Scup","Atlantic Coast",1999,3259,"Catch","Reported Catch, Total (Mean)","Metric Tons",2015,"No age","Other"
"Scup","Atlantic Coast",2000,4779,"Catch","Reported Catch, Total (Mean)","Metric Tons",2015,"No age","Other"
"Scup","Atlantic Coast",2001,5869,"Catch","Reported Catch, Total (Mean)","Metric Tons",2015,"No age","Other"
"Scup","Atlantic Coast",2002,6553,"Catch","Reported Catch, Total (Mean)","Metric Tons",2015,"No age","Other"
"Scup","Atlantic Coast",2003,9566,"Catch","Reported Catch, Total (Mean)","Metric Tons",2015,"No age","Other"
"Scup","Atlantic Coast",2004,8993,"Catch","Reported Catch, Total (Mean)","Metric Tons",2015,"No age","Other"
"Scup","Atlantic Coast",2005,5761,"Catch","Reported Catch, Total (Mean)","Metric Tons",2015,"No age","Other"
"Scup","Atlantic Coast",2006,7084,"Catch","Reported Catch, Total (Mean)","Metric Tons",2015,"No age","Other"
"Scup","Atlantic Coast",2007,7987,"Catch","Reported Catch, Total (Mean)","Metric Tons",2015,"No age","Other"
"Scup","Atlantic Coast",2008,6062,"Catch","Reported Catch, Total (Mean)","Metric Tons",2015,"No age","Other"
"Scup","Atlantic Coast",2009,8583,"Catch","Reported Catch, Total (Mean)","Metric Tons",2015,"No age","Other"
"Scup","Atlantic Coast",2010,10537,"Catch","Reported Catch, Total (Mean)","Metric Tons",2015,"No age","Other"
"Scup","Atlantic Coast",2011,9858,"Catch","Reported Catch, Total (Mean)","Metric Tons",2015,"No age","Other"
"Scup","Atlantic Coast",2012,9853,"Catch","Reported Catch, Total (Mean)","Metric Tons",2015,"No age","Other"
"Scup","Atlantic Coast",2013,12045,"Catch","Reported Catch, Total (Mean)","Metric Tons",2015,"No age","Other"
"Scup","Atlantic Coast",2014,10620,"Catch","Reported Catch, Total (Mean)","Metric Tons",2015,"No age","Other"
"Scup","Atlantic Coast",1984,0.935999989509583,"Fmort","Mean F, Age 3","Rate",2015,"Age 3","Other"
"Scup","Atlantic Coast",1985,0.88400000333786,"Fmort","Mean F, Age 3","Rate",2015,"Age 3","Other"
"Scup","Atlantic Coast",1986,1.05400002002716,"Fmort","Mean F, Age 3","Rate",2015,"Age 3","Other"
"Scup","Atlantic Coast",1987,1.07400000095367,"Fmort","Mean F, Age 3","Rate",2015,"Age 3","Other"
"Scup","Atlantic Coast",1988,1.10099995136261,"Fmort","Mean F, Age 3","Rate",2015,"Age 3","Other"
"Scup","Atlantic Coast",1989,0.962000012397766,"Fmort","Mean F, Age 3","Rate",2015,"Age 3","Other"
"Scup","Atlantic Coast",1990,0.811999976634979,"Fmort","Mean F, Age 3","Rate",2015,"Age 3","Other"
"Scup","Atlantic Coast",1991,1.35899996757507,"Fmort","Mean F, Age 3","Rate",2015,"Age 3","Other"
"Scup","Atlantic Coast",1992,1.35500001907349,"Fmort","Mean F, Age 3","Rate",2015,"Age 3","Other"
"Scup","Atlantic Coast",1993,1.33899998664856,"Fmort","Mean F, Age 3","Rate",2015,"Age 3","Other"
"Scup","Atlantic Coast",1994,1.52699995040894,"Fmort","Mean F, Age 3","Rate",2015,"Age 3","Other"
"Scup","Atlantic Coast",1995,1.19400000572205,"Fmort","Mean F, Age 3","Rate",2015,"Age 3","Other"
"Scup","Atlantic Coast",1996,1.01300001144409,"Fmort","Mean F, Age 3","Rate",2015,"Age 3","Other"
"Scup","Atlantic Coast",1997,0.800999999046326,"Fmort","Mean F, Age 3","Rate",2015,"Age 3","Other"
"Scup","Atlantic Coast",1998,0.509999990463257,"Fmort","Mean F, Age 3","Rate",2015,"Age 3","Other"
"Scup","Atlantic Coast",1999,0.273000001907349,"Fmort","Mean F, Age 3","Rate",2015,"Age 3","Other"
"Scup","Atlantic Coast",2000,0.177000001072884,"Fmort","Mean F, Age 3","Rate",2015,"Age 3","Other"
"Scup","Atlantic Coast",2001,0.103000000119209,"Fmort","Mean F, Age 3","Rate",2015,"Age 3","Other"
"Scup","Atlantic Coast",2002,0.0810000002384186,"Fmort","Mean F, Age 3","Rate",2015,"Age 3","Other"
"Scup","Atlantic Coast",2003,0.0949999988079071,"Fmort","Mean F, Age 3","Rate",2015,"Age 3","Other"
"Scup","Atlantic Coast",2004,0.0890000015497208,"Fmort","Mean F, Age 3","Rate",2015,"Age 3","Other"
"Scup","Atlantic Coast",2005,0.0610000006854534,"Fmort","Mean F, Age 3","Rate",2015,"Age 3","Other"
"Scup","Atlantic Coast",2006,0.0839999988675117,"Fmort","Mean F, Age 3","Rate",2015,"Age 3","Other"
"Scup","Atlantic Coast",2007,0.0860000029206276,"Fmort","Mean F, Age 3","Rate",2015,"Age 3","Other"
"Scup","Atlantic Coast",2008,0.0529999993741512,"Fmort","Mean F, Age 3","Rate",2015,"Age 3","Other"
"Scup","Atlantic Coast",2009,0.068000003695488,"Fmort","Mean F, Age 3","Rate",2015,"Age 3","Other"
"Scup","Atlantic Coast",2010,0.0790000036358833,"Fmort","Mean F, Age 3","Rate",2015,"Age 3","Other"
"Scup","Atlantic Coast",2011,0.0790000036358833,"Fmort","Mean F, Age 3","Rate",2015,"Age 3","Other"
"Scup","Atlantic Coast",2012,0.0860000029206276,"Fmort","Mean F, Age 3","Rate",2015,"Age 3","Other"
"Scup","Atlantic Coast",2013,0.119999997317791,"Fmort","Mean F, Age 3","Rate",2015,"Age 3","Other"
"Scup","Atlantic Coast",2014,0.127000004053116,"Fmort","Mean F, Age 3","Rate",2015,"Age 3","Other"
"Scup","Atlantic Coast",1984,1.32e+08,"Recruitment","Abundance, Age 0 (Mean)","Number",2015,"Age 0","Other"
"Scup","Atlantic Coast",1985,1.27e+08,"Recruitment","Abundance, Age 0 (Mean)","Number",2015,"Age 0","Other"
"Scup","Atlantic Coast",1986,8.2e+07,"Recruitment","Abundance, Age 0 (Mean)","Number",2015,"Age 0","Other"
"Scup","Atlantic Coast",1987,6.3e+07,"Recruitment","Abundance, Age 0 (Mean)","Number",2015,"Age 0","Other"
"Scup","Atlantic Coast",1988,1.18e+08,"Recruitment","Abundance, Age 0 (Mean)","Number",2015,"Age 0","Other"
"Scup","Atlantic Coast",1989,6.7e+07,"Recruitment","Abundance, Age 0 (Mean)","Number",2015,"Age 0","Other"
"Scup","Atlantic Coast",1990,1e+08,"Recruitment","Abundance, Age 0 (Mean)","Number",2015,"Age 0","Other"
"Scup","Atlantic Coast",1991,8.9e+07,"Recruitment","Abundance, Age 0 (Mean)","Number",2015,"Age 0","Other"
"Scup","Atlantic Coast",1992,3.6e+07,"Recruitment","Abundance, Age 0 (Mean)","Number",2015,"Age 0","Other"
"Scup","Atlantic Coast",1993,3.7e+07,"Recruitment","Abundance, Age 0 (Mean)","Number",2015,"Age 0","Other"
"Scup","Atlantic Coast",1994,6.1e+07,"Recruitment","Abundance, Age 0 (Mean)","Number",2015,"Age 0","Other"
"Scup","Atlantic Coast",1995,3.5e+07,"Recruitment","Abundance, Age 0 (Mean)","Number",2015,"Age 0","Other"
"Scup","Atlantic Coast",1996,2.9e+07,"Recruitment","Abundance, Age 0 (Mean)","Number",2015,"Age 0","Other"
"Scup","Atlantic Coast",1997,7.8e+07,"Recruitment","Abundance, Age 0 (Mean)","Number",2015,"Age 0","Other"
"Scup","Atlantic Coast",1998,9.7e+07,"Recruitment","Abundance, Age 0 (Mean)","Number",2015,"Age 0","Other"
"Scup","Atlantic Coast",1999,2.22e+08,"Recruitment","Abundance, Age 0 (Mean)","Number",2015,"Age 0","Other"
"Scup","Atlantic Coast",2000,1.46e+08,"Recruitment","Abundance, Age 0 (Mean)","Number",2015,"Age 0","Other"
"Scup","Atlantic Coast",2001,1.38e+08,"Recruitment","Abundance, Age 0 (Mean)","Number",2015,"Age 0","Other"
"Scup","Atlantic Coast",2002,8.4e+07,"Recruitment","Abundance, Age 0 (Mean)","Number",2015,"Age 0","Other"
"Scup","Atlantic Coast",2003,8.4e+07,"Recruitment","Abundance, Age 0 (Mean)","Number",2015,"Age 0","Other"
"Scup","Atlantic Coast",2004,1.27e+08,"Recruitment","Abundance, Age 0 (Mean)","Number",2015,"Age 0","Other"
"Scup","Atlantic Coast",2005,1.97e+08,"Recruitment","Abundance, Age 0 (Mean)","Number",2015,"Age 0","Other"
"Scup","Atlantic Coast",2006,2.22e+08,"Recruitment","Abundance, Age 0 (Mean)","Number",2015,"Age 0","Other"
"Scup","Atlantic Coast",2007,2.18e+08,"Recruitment","Abundance, Age 0 (Mean)","Number",2015,"Age 0","Other"
"Scup","Atlantic Coast",2008,1.85e+08,"Recruitment","Abundance, Age 0 (Mean)","Number",2015,"Age 0","Other"
"Scup","Atlantic Coast",2009,9.8e+07,"Recruitment","Abundance, Age 0 (Mean)","Number",2015,"Age 0","Other"
"Scup","Atlantic Coast",2010,1.07e+08,"Recruitment","Abundance, Age 0 (Mean)","Number",2015,"Age 0","Other"
"Scup","Atlantic Coast",2011,1.42e+08,"Recruitment","Abundance, Age 0 (Mean)","Number",2015,"Age 0","Other"
"Scup","Atlantic Coast",2012,7.5e+07,"Recruitment","Abundance, Age 0 (Mean)","Number",2015,"Age 0","Other"
"Scup","Atlantic Coast",2013,6.1e+07,"Recruitment","Abundance, Age 0 (Mean)","Number",2015,"Age 0","Other"
"Scup","Atlantic Coast",2014,1.12e+08,"Recruitment","Abundance, Age 0 (Mean)","Number",2015,"Age 0","Other"
"Scup","Atlantic Coast",1984,11479,"Biomass","Mature Biomass (Mean)","Metric Tons",2015,"No age","Mature"
"Scup","Atlantic Coast",1985,15031,"Biomass","Mature Biomass (Mean)","Metric Tons",2015,"No age","Mature"
"Scup","Atlantic Coast",1986,14341,"Biomass","Mature Biomass (Mean)","Metric Tons",2015,"No age","Mature"
"Scup","Atlantic Coast",1987,11320,"Biomass","Mature Biomass (Mean)","Metric Tons",2015,"No age","Mature"
"Scup","Atlantic Coast",1988,8602,"Biomass","Mature Biomass (Mean)","Metric Tons",2015,"No age","Mature"
"Scup","Atlantic Coast",1989,7459,"Biomass","Mature Biomass (Mean)","Metric Tons",2015,"No age","Mature"
"Scup","Atlantic Coast",1990,10361,"Biomass","Mature Biomass (Mean)","Metric Tons",2015,"No age","Mature"
"Scup","Atlantic Coast",1991,8413,"Biomass","Mature Biomass (Mean)","Metric Tons",2015,"No age","Mature"
"Scup","Atlantic Coast",1992,6949,"Biomass","Mature Biomass (Mean)","Metric Tons",2015,"No age","Mature"
"Scup","Atlantic Coast",1993,5563,"Biomass","Mature Biomass (Mean)","Metric Tons",2015,"No age","Mature"
"Scup","Atlantic Coast",1994,4202,"Biomass","Mature Biomass (Mean)","Metric Tons",2015,"No age","Mature"
"Scup","Atlantic Coast",1995,3624,"Biomass","Mature Biomass (Mean)","Metric Tons",2015,"No age","Mature"
"Scup","Atlantic Coast",1996,5412,"Biomass","Mature Biomass (Mean)","Metric Tons",2015,"No age","Mature"
"Scup","Atlantic Coast",1997,5438,"Biomass","Mature Biomass (Mean)","Metric Tons",2015,"No age","Mature"
"Scup","Atlantic Coast",1998,6592,"Biomass","Mature Biomass (Mean)","Metric Tons",2015,"No age","Mature"
"Scup","Atlantic Coast",1999,13340,"Biomass","Mature Biomass (Mean)","Metric Tons",2015,"No age","Mature"
"Scup","Atlantic Coast",2000,27792,"Biomass","Mature Biomass (Mean)","Metric Tons",2015,"No age","Mature"
"Scup","Atlantic Coast",2001,53561,"Biomass","Mature Biomass (Mean)","Metric Tons",2015,"No age","Mature"
"Scup","Atlantic Coast",2002,80358,"Biomass","Mature Biomass (Mean)","Metric Tons",2015,"No age","Mature"
"Scup","Atlantic Coast",2003,104409,"Biomass","Mature Biomass (Mean)","Metric Tons",2015,"No age","Mature"
"Scup","Atlantic Coast",2004,110325,"Biomass","Mature Biomass (Mean)","Metric Tons",2015,"No age","Mature"
"Scup","Atlantic Coast",2005,120631,"Biomass","Mature Biomass (Mean)","Metric Tons",2015,"No age","Mature"
"Scup","Atlantic Coast",2006,130122,"Biomass","Mature Biomass (Mean)","Metric Tons",2015,"No age","Mature"
"Scup","Atlantic Coast",2007,142113,"Biomass","Mature Biomass (Mean)","Metric Tons",2015,"No age","Mature"
"Scup","Atlantic Coast",2008,163555,"Biomass","Mature Biomass (Mean)","Metric Tons",2015,"No age","Mature"
"Scup","Atlantic Coast",2009,178334,"Biomass","Mature Biomass (Mean)","Metric Tons",2015,"No age","Mature"
"Scup","Atlantic Coast",2010,208869,"Biomass","Mature Biomass (Mean)","Metric Tons",2015,"No age","Mature"
"Scup","Atlantic Coast",2011,209171,"Biomass","Mature Biomass (Mean)","Metric Tons",2015,"No age","Mature"
"Scup","Atlantic Coast",2012,205496,"Biomass","Mature Biomass (Mean)","Metric Tons",2015,"No age","Mature"
"Scup","Atlantic Coast",2013,199034,"Biomass","Mature Biomass (Mean)","Metric Tons",2015,"No age","Mature"
"Scup","Atlantic Coast",2014,182915,"Biomass","Mature Biomass (Mean)","Metric Tons",2015,"No age","Mature"
"Scup","Atlantic Coast",1984,11053,"Catch","Reported Catch, Total (Mean)","Metric Tons",2012,"No age","Other"
"Scup","Atlantic Coast",1985,13729,"Catch","Reported Catch, Total (Mean)","Metric Tons",2012,"No age","Other"
"Scup","Atlantic Coast",1986,14532,"Catch","Reported Catch, Total (Mean)","Metric Tons",2012,"No age","Other"
"Scup","Atlantic Coast",1987,11662,"Catch","Reported Catch, Total (Mean)","Metric Tons",2012,"No age","Other"
"Scup","Atlantic Coast",1988,9567,"Catch","Reported Catch, Total (Mean)","Metric Tons",2012,"No age","Other"
"Scup","Atlantic Coast",1989,8773,"Catch","Reported Catch, Total (Mean)","Metric Tons",2012,"No age","Other"
"Scup","Atlantic Coast",1990,10396,"Catch","Reported Catch, Total (Mean)","Metric Tons",2012,"No age","Other"
"Scup","Atlantic Coast",1991,14357,"Catch","Reported Catch, Total (Mean)","Metric Tons",2012,"No age","Other"
"Scup","Atlantic Coast",1992,13975,"Catch","Reported Catch, Total (Mean)","Metric Tons",2012,"No age","Other"
"Scup","Atlantic Coast",1993,7640,"Catch","Reported Catch, Total (Mean)","Metric Tons",2012,"No age","Other"
"Scup","Atlantic Coast",1994,6428,"Catch","Reported Catch, Total (Mean)","Metric Tons",2012,"No age","Other"
"Scup","Atlantic Coast",1995,5752,"Catch","Reported Catch, Total (Mean)","Metric Tons",2012,"No age","Other"
"Scup","Atlantic Coast",1996,5465,"Catch","Reported Catch, Total (Mean)","Metric Tons",2012,"No age","Other"
"Scup","Atlantic Coast",1997,4582,"Catch","Reported Catch, Total (Mean)","Metric Tons",2012,"No age","Other"
"Scup","Atlantic Coast",1998,5638,"Catch","Reported Catch, Total (Mean)","Metric Tons",2012,"No age","Other"
"Scup","Atlantic Coast",1999,7186,"Catch","Reported Catch, Total (Mean)","Metric Tons",2012,"No age","Other"
"Scup","Atlantic Coast",2000,6083,"Catch","Reported Catch, Total (Mean)","Metric Tons",2012,"No age","Other"
"Scup","Atlantic Coast",2001,5326,"Catch","Reported Catch, Total (Mean)","Metric Tons",2012,"No age","Other"
"Scup","Atlantic Coast",2002,10590,"Catch","Reported Catch, Total (Mean)","Metric Tons",2012,"No age","Other"
"Scup","Atlantic Coast",2003,10564,"Catch","Reported Catch, Total (Mean)","Metric Tons",2012,"No age","Other"
"Scup","Atlantic Coast",2004,7181,"Catch","Reported Catch, Total (Mean)","Metric Tons",2012,"No age","Other"
"Scup","Atlantic Coast",2005,6308,"Catch","Reported Catch, Total (Mean)","Metric Tons",2012,"No age","Other"
"Scup","Atlantic Coast",2006,7182,"Catch","Reported Catch, Total (Mean)","Metric Tons",2012,"No age","Other"
"Scup","Atlantic Coast",2007,8026,"Catch","Reported Catch, Total (Mean)","Metric Tons",2012,"No age","Other"
"Scup","Atlantic Coast",2008,7360,"Catch","Reported Catch, Total (Mean)","Metric Tons",2012,"No age","Other"
"Scup","Atlantic Coast",2009,6917,"Catch","Reported Catch, Total (Mean)","Metric Tons",2012,"No age","Other"
"Scup","Atlantic Coast",2010,9784,"Catch","Reported Catch, Total (Mean)","Metric Tons",2012,"No age","Other"
"Scup","Atlantic Coast",2011,10474,"Catch","Reported Catch, Total (Mean)","Metric Tons",2012,"No age","Other"
"Scup","Atlantic Coast",1984,0.513000011444092,"Fmort","Mean F Age 2+","Rate",2012,"No age","Other"
"Scup","Atlantic Coast",1985,0.583000004291534,"Fmort","Mean F Age 2+","Rate",2012,"No age","Other"
"Scup","Atlantic Coast",1986,0.750999987125397,"Fmort","Mean F Age 2+","Rate",2012,"No age","Other"
"Scup","Atlantic Coast",1987,0.688000023365021,"Fmort","Mean F Age 2+","Rate",2012,"No age","Other"
"Scup","Atlantic Coast",1988,0.722000002861023,"Fmort","Mean F Age 2+","Rate",2012,"No age","Other"
"Scup","Atlantic Coast",1989,0.717000007629395,"Fmort","Mean F Age 2+","Rate",2012,"No age","Other"
"Scup","Atlantic Coast",1990,0.686999976634979,"Fmort","Mean F Age 2+","Rate",2012,"No age","Other"
"Scup","Atlantic Coast",1991,1.07599997520447,"Fmort","Mean F Age 2+","Rate",2012,"No age","Other"
"Scup","Atlantic Coast",1992,1.12899994850159,"Fmort","Mean F Age 2+","Rate",2012,"No age","Other"
"Scup","Atlantic Coast",1993,1.07799994945526,"Fmort","Mean F Age 2+","Rate",2012,"No age","Other"
"Scup","Atlantic Coast",1994,1.10800004005432,"Fmort","Mean F Age 2+","Rate",2012,"No age","Other"
"Scup","Atlantic Coast",1995,0.884999990463257,"Fmort","Mean F Age 2+","Rate",2012,"No age","Other"
"Scup","Atlantic Coast",1996,0.714999973773956,"Fmort","Mean F Age 2+","Rate",2012,"No age","Other"
"Scup","Atlantic Coast",1997,0.481000006198883,"Fmort","Mean F Age 2+","Rate",2012,"No age","Other"
"Scup","Atlantic Coast",1998,0.381999999284744,"Fmort","Mean F Age 2+","Rate",2012,"No age","Other"
"Scup","Atlantic Coast",1999,0.252000004053116,"Fmort","Mean F Age 2+","Rate",2012,"No age","Other"
"Scup","Atlantic Coast",2000,0.186000004410744,"Fmort","Mean F Age 2+","Rate",2012,"No age","Other"
"Scup","Atlantic Coast",2001,0.101999998092651,"Fmort","Mean F Age 2+","Rate",2012,"No age","Other"
"Scup","Atlantic Coast",2002,0.101000003516674,"Fmort","Mean F Age 2+","Rate",2012,"No age","Other"
"Scup","Atlantic Coast",2003,0.104000002145767,"Fmort","Mean F Age 2+","Rate",2012,"No age","Other"
"Scup","Atlantic Coast",2004,0.0750000029802322,"Fmort","Mean F Age 2+","Rate",2012,"No age","Other"
"Scup","Atlantic Coast",2005,0.0520000010728836,"Fmort","Mean F Age 2+","Rate",2012,"No age","Other"
"Scup","Atlantic Coast",2006,0.0560000017285347,"Fmort","Mean F Age 2+","Rate",2012,"No age","Other"
"Scup","Atlantic Coast",2007,0.0570000000298023,"Fmort","Mean F Age 2+","Rate",2012,"No age","Other"
"Scup","Atlantic Coast",2008,0.0439999997615814,"Fmort","Mean F Age 2+","Rate",2012,"No age","Other"
"Scup","Atlantic Coast",2009,0.0329999998211861,"Fmort","Mean F Age 2+","Rate",2012,"No age","Other"
"Scup","Atlantic Coast",2010,0.0379999987781048,"Fmort","Mean F Age 2+","Rate",2012,"No age","Other"
"Scup","Atlantic Coast",2011,0.034000001847744,"Fmort","Mean F Age 2+","Rate",2012,"No age","Other"
"Scup","Atlantic Coast",1984,110300003.051758,"Recruitment","Abundance, Age 0 (Mean)","Number",2012,"Age 0","Other"
"Scup","Atlantic Coast",1985,74900001.5258789,"Recruitment","Abundance, Age 0 (Mean)","Number",2012,"Age 0","Other"
"Scup","Atlantic Coast",1986,61299999.2370605,"Recruitment","Abundance, Age 0 (Mean)","Number",2012,"Age 0","Other"
"Scup","Atlantic Coast",1987,55799999.2370605,"Recruitment","Abundance, Age 0 (Mean)","Number",2012,"Age 0","Other"
"Scup","Atlantic Coast",1988,102300003.051758,"Recruitment","Abundance, Age 0 (Mean)","Number",2012,"Age 0","Other"
"Scup","Atlantic Coast",1989,6.1e+07,"Recruitment","Abundance, Age 0 (Mean)","Number",2012,"Age 0","Other"
"Scup","Atlantic Coast",1990,121500000,"Recruitment","Abundance, Age 0 (Mean)","Number",2012,"Age 0","Other"
"Scup","Atlantic Coast",1991,108800003.051758,"Recruitment","Abundance, Age 0 (Mean)","Number",2012,"Age 0","Other"
"Scup","Atlantic Coast",1992,42099998.4741211,"Recruitment","Abundance, Age 0 (Mean)","Number",2012,"Age 0","Other"
"Scup","Atlantic Coast",1993,44799999.2370605,"Recruitment","Abundance, Age 0 (Mean)","Number",2012,"Age 0","Other"
"Scup","Atlantic Coast",1994,78699996.9482422,"Recruitment","Abundance, Age 0 (Mean)","Number",2012,"Age 0","Other"
"Scup","Atlantic Coast",1995,36400001.5258789,"Recruitment","Abundance, Age 0 (Mean)","Number",2012,"Age 0","Other"
"Scup","Atlantic Coast",1996,23200000.7629395,"Recruitment","Abundance, Age 0 (Mean)","Number",2012,"Age 0","Other"
"Scup","Atlantic Coast",1997,82800003.0517578,"Recruitment","Abundance, Age 0 (Mean)","Number",2012,"Age 0","Other"
"Scup","Atlantic Coast",1998,1.06e+08,"Recruitment","Abundance, Age 0 (Mean)","Number",2012,"Age 0","Other"
"Scup","Atlantic Coast",1999,2.07e+08,"Recruitment","Abundance, Age 0 (Mean)","Number",2012,"Age 0","Other"
"Scup","Atlantic Coast",2000,225800003.051758,"Recruitment","Abundance, Age 0 (Mean)","Number",2012,"Age 0","Other"
"Scup","Atlantic Coast",2001,145300003.051758,"Recruitment","Abundance, Age 0 (Mean)","Number",2012,"Age 0","Other"
"Scup","Atlantic Coast",2002,95400001.5258789,"Recruitment","Abundance, Age 0 (Mean)","Number",2012,"Age 0","Other"
"Scup","Atlantic Coast",2003,85099998.4741211,"Recruitment","Abundance, Age 0 (Mean)","Number",2012,"Age 0","Other"
"Scup","Atlantic Coast",2004,134300003.051758,"Recruitment","Abundance, Age 0 (Mean)","Number",2012,"Age 0","Other"
"Scup","Atlantic Coast",2005,148699996.948242,"Recruitment","Abundance, Age 0 (Mean)","Number",2012,"Age 0","Other"
"Scup","Atlantic Coast",2006,183699996.948242,"Recruitment","Abundance, Age 0 (Mean)","Number",2012,"Age 0","Other"
"Scup","Atlantic Coast",2007,172399993.896484,"Recruitment","Abundance, Age 0 (Mean)","Number",2012,"Age 0","Other"
"Scup","Atlantic Coast",2008,214899993.896484,"Recruitment","Abundance, Age 0 (Mean)","Number",2012,"Age 0","Other"
"Scup","Atlantic Coast",2009,98800003.0517578,"Recruitment","Abundance, Age 0 (Mean)","Number",2012,"Age 0","Other"
"Scup","Atlantic Coast",2010,96900001.5258789,"Recruitment","Abundance, Age 0 (Mean)","Number",2012,"Age 0","Other"
"Scup","Atlantic Coast",2011,153899993.896484,"Recruitment","Abundance, Age 0 (Mean)","Number",2012,"Age 0","Other"
"Scup","Atlantic Coast",1984,19567,"Biomass","Mature Biomass (Mean)","Metric Tons",2012,"No age","Mature"
"Scup","Atlantic Coast",1985,18439,"Biomass","Mature Biomass (Mean)","Metric Tons",2012,"No age","Mature"
"Scup","Atlantic Coast",1986,16951,"Biomass","Mature Biomass (Mean)","Metric Tons",2012,"No age","Mature"
"Scup","Atlantic Coast",1987,14236,"Biomass","Mature Biomass (Mean)","Metric Tons",2012,"No age","Mature"
"Scup","Atlantic Coast",1988,10102,"Biomass","Mature Biomass (Mean)","Metric Tons",2012,"No age","Mature"
"Scup","Atlantic Coast",1989,8425,"Biomass","Mature Biomass (Mean)","Metric Tons",2012,"No age","Mature"
"Scup","Atlantic Coast",1990,9132,"Biomass","Mature Biomass (Mean)","Metric Tons",2012,"No age","Mature"
"Scup","Atlantic Coast",1991,8539,"Biomass","Mature Biomass (Mean)","Metric Tons",2012,"No age","Mature"
"Scup","Atlantic Coast",1992,7471,"Biomass","Mature Biomass (Mean)","Metric Tons",2012,"No age","Mature"
"Scup","Atlantic Coast",1993,6097,"Biomass","Mature Biomass (Mean)","Metric Tons",2012,"No age","Mature"
"Scup","Atlantic Coast",1994,4463,"Biomass","Mature Biomass (Mean)","Metric Tons",2012,"No age","Mature"
"Scup","Atlantic Coast",1995,4020,"Biomass","Mature Biomass (Mean)","Metric Tons",2012,"No age","Mature"
"Scup","Atlantic Coast",1996,5133,"Biomass","Mature Biomass (Mean)","Metric Tons",2012,"No age","Mature"
"Scup","Atlantic Coast",1997,5838,"Biomass","Mature Biomass (Mean)","Metric Tons",2012,"No age","Mature"
"Scup","Atlantic Coast",1998,6425,"Biomass","Mature Biomass (Mean)","Metric Tons",2012,"No age","Mature"
"Scup","Atlantic Coast",1999,10432,"Biomass","Mature Biomass (Mean)","Metric Tons",2012,"No age","Mature"
"Scup","Atlantic Coast",2000,20236,"Biomass","Mature Biomass (Mean)","Metric Tons",2012,"No age","Mature"
"Scup","Atlantic Coast",2001,41682,"Biomass","Mature Biomass (Mean)","Metric Tons",2012,"No age","Mature"
"Scup","Atlantic Coast",2002,68127,"Biomass","Mature Biomass (Mean)","Metric Tons",2012,"No age","Mature"
"Scup","Atlantic Coast",2003,90781,"Biomass","Mature Biomass (Mean)","Metric Tons",2012,"No age","Mature"
"Scup","Atlantic Coast",2004,102029,"Biomass","Mature Biomass (Mean)","Metric Tons",2012,"No age","Mature"
"Scup","Atlantic Coast",2005,113589,"Biomass","Mature Biomass (Mean)","Metric Tons",2012,"No age","Mature"
"Scup","Atlantic Coast",2006,121126,"Biomass","Mature Biomass (Mean)","Metric Tons",2012,"No age","Mature"
"Scup","Atlantic Coast",2007,134119,"Biomass","Mature Biomass (Mean)","Metric Tons",2012,"No age","Mature"
"Scup","Atlantic Coast",2008,160702,"Biomass","Mature Biomass (Mean)","Metric Tons",2012,"No age","Mature"
"Scup","Atlantic Coast",2009,163213,"Biomass","Mature Biomass (Mean)","Metric Tons",2012,"No age","Mature"
"Scup","Atlantic Coast",2010,189387,"Biomass","Mature Biomass (Mean)","Metric Tons",2012,"No age","Mature"
"Scup","Atlantic Coast",2011,190424,"Biomass","Mature Biomass (Mean)","Metric Tons",2012,"No age","Mature"
"Scup","Atlantic Coast",1984,11053,"Catch","Reported Catch, Total (Mean)","Metric Tons",2011,"No age","Other"
"Scup","Atlantic Coast",1985,13729,"Catch","Reported Catch, Total (Mean)","Metric Tons",2011,"No age","Other"
"Scup","Atlantic Coast",1986,14532,"Catch","Reported Catch, Total (Mean)","Metric Tons",2011,"No age","Other"
"Scup","Atlantic Coast",1987,11662,"Catch","Reported Catch, Total (Mean)","Metric Tons",2011,"No age","Other"
"Scup","Atlantic Coast",1988,9567,"Catch","Reported Catch, Total (Mean)","Metric Tons",2011,"No age","Other"
"Scup","Atlantic Coast",1989,8773,"Catch","Reported Catch, Total (Mean)","Metric Tons",2011,"No age","Other"
"Scup","Atlantic Coast",1990,10396,"Catch","Reported Catch, Total (Mean)","Metric Tons",2011,"No age","Other"
"Scup","Atlantic Coast",1991,14357,"Catch","Reported Catch, Total (Mean)","Metric Tons",2011,"No age","Other"
"Scup","Atlantic Coast",1992,13975,"Catch","Reported Catch, Total (Mean)","Metric Tons",2011,"No age","Other"
"Scup","Atlantic Coast",1993,7640,"Catch","Reported Catch, Total (Mean)","Metric Tons",2011,"No age","Other"
"Scup","Atlantic Coast",1994,6428,"Catch","Reported Catch, Total (Mean)","Metric Tons",2011,"No age","Other"
"Scup","Atlantic Coast",1995,5752,"Catch","Reported Catch, Total (Mean)","Metric Tons",2011,"No age","Other"
"Scup","Atlantic Coast",1996,5465,"Catch","Reported Catch, Total (Mean)","Metric Tons",2011,"No age","Other"
"Scup","Atlantic Coast",1997,4582,"Catch","Reported Catch, Total (Mean)","Metric Tons",2011,"No age","Other"
"Scup","Atlantic Coast",1998,5638,"Catch","Reported Catch, Total (Mean)","Metric Tons",2011,"No age","Other"
"Scup","Atlantic Coast",1999,7186,"Catch","Reported Catch, Total (Mean)","Metric Tons",2011,"No age","Other"
"Scup","Atlantic Coast",2000,6083,"Catch","Reported Catch, Total (Mean)","Metric Tons",2011,"No age","Other"
"Scup","Atlantic Coast",2001,5326,"Catch","Reported Catch, Total (Mean)","Metric Tons",2011,"No age","Other"
"Scup","Atlantic Coast",2002,10590,"Catch","Reported Catch, Total (Mean)","Metric Tons",2011,"No age","Other"
"Scup","Atlantic Coast",2003,10564,"Catch","Reported Catch, Total (Mean)","Metric Tons",2011,"No age","Other"
"Scup","Atlantic Coast",2004,7181,"Catch","Reported Catch, Total (Mean)","Metric Tons",2011,"No age","Other"
"Scup","Atlantic Coast",2005,6308,"Catch","Reported Catch, Total (Mean)","Metric Tons",2011,"No age","Other"
"Scup","Atlantic Coast",2006,7173,"Catch","Reported Catch, Total (Mean)","Metric Tons",2011,"No age","Other"
"Scup","Atlantic Coast",2007,8026,"Catch","Reported Catch, Total (Mean)","Metric Tons",2011,"No age","Other"
"Scup","Atlantic Coast",2008,7360,"Catch","Reported Catch, Total (Mean)","Metric Tons",2011,"No age","Other"
"Scup","Atlantic Coast",2009,6917,"Catch","Reported Catch, Total (Mean)","Metric Tons",2011,"No age","Other"
"Scup","Atlantic Coast",2010,9877,"Catch","Reported Catch, Total (Mean)","Metric Tons",2011,"No age","Other"
"Scup","Atlantic Coast",1984,0.540000021457672,"Fmort","Mean F Age 2+","Rate",2011,"No age","Other"
"Scup","Atlantic Coast",1985,0.600000023841858,"Fmort","Mean F Age 2+","Rate",2011,"No age","Other"
"Scup","Atlantic Coast",1986,0.75,"Fmort","Mean F Age 2+","Rate",2011,"No age","Other"
"Scup","Atlantic Coast",1987,0.699999988079071,"Fmort","Mean F Age 2+","Rate",2011,"No age","Other"
"Scup","Atlantic Coast",1988,0.740000009536743,"Fmort","Mean F Age 2+","Rate",2011,"No age","Other"
"Scup","Atlantic Coast",1989,0.709999978542328,"Fmort","Mean F Age 2+","Rate",2011,"No age","Other"
"Scup","Atlantic Coast",1990,0.680000007152557,"Fmort","Mean F Age 2+","Rate",2011,"No age","Other"
"Scup","Atlantic Coast",1991,1.05999994277954,"Fmort","Mean F Age 2+","Rate",2011,"No age","Other"
"Scup","Atlantic Coast",1992,1.12000000476837,"Fmort","Mean F Age 2+","Rate",2011,"No age","Other"
"Scup","Atlantic Coast",1993,1.07000005245209,"Fmort","Mean F Age 2+","Rate",2011,"No age","Other"
"Scup","Atlantic Coast",1994,1.10000002384186,"Fmort","Mean F Age 2+","Rate",2011,"No age","Other"
"Scup","Atlantic Coast",1995,0.879999995231628,"Fmort","Mean F Age 2+","Rate",2011,"No age","Other"
"Scup","Atlantic Coast",1996,0.699999988079071,"Fmort","Mean F Age 2+","Rate",2011,"No age","Other"
"Scup","Atlantic Coast",1997,0.469999998807907,"Fmort","Mean F Age 2+","Rate",2011,"No age","Other"
"Scup","Atlantic Coast",1998,0.379999995231628,"Fmort","Mean F Age 2+","Rate",2011,"No age","Other"
"Scup","Atlantic Coast",1999,0.239999994635582,"Fmort","Mean F Age 2+","Rate",2011,"No age","Other"
"Scup","Atlantic Coast",2000,0.170000001788139,"Fmort","Mean F Age 2+","Rate",2011,"No age","Other"
"Scup","Atlantic Coast",2001,0.0900000035762787,"Fmort","Mean F Age 2+","Rate",2011,"No age","Other"
"Scup","Atlantic Coast",2002,0.100000001490116,"Fmort","Mean F Age 2+","Rate",2011,"No age","Other"
"Scup","Atlantic Coast",2003,0.100000001490116,"Fmort","Mean F Age 2+","Rate",2011,"No age","Other"
"Scup","Atlantic Coast",2004,0.0599999986588955,"Fmort","Mean F Age 2+","Rate",2011,"No age","Other"
"Scup","Atlantic Coast",2005,0.0500000007450581,"Fmort","Mean F Age 2+","Rate",2011,"No age","Other"
"Scup","Atlantic Coast",2006,0.0500000007450581,"Fmort","Mean F Age 2+","Rate",2011,"No age","Other"
"Scup","Atlantic Coast",2007,0.0500000007450581,"Fmort","Mean F Age 2+","Rate",2011,"No age","Other"
"Scup","Atlantic Coast",2008,0.0500000007450581,"Fmort","Mean F Age 2+","Rate",2011,"No age","Other"
"Scup","Atlantic Coast",2009,0.0299999993294477,"Fmort","Mean F Age 2+","Rate",2011,"No age","Other"
"Scup","Atlantic Coast",2010,0.0399999991059303,"Fmort","Mean F Age 2+","Rate",2011,"No age","Other"
"Scup","Atlantic Coast",1984,1.08e+08,"Recruitment","Abundance, Age 0 (Mean)","Number",2011,"Age 0","Other"
"Scup","Atlantic Coast",1985,7.3e+07,"Recruitment","Abundance, Age 0 (Mean)","Number",2011,"Age 0","Other"
"Scup","Atlantic Coast",1986,6e+07,"Recruitment","Abundance, Age 0 (Mean)","Number",2011,"Age 0","Other"
"Scup","Atlantic Coast",1987,5.5e+07,"Recruitment","Abundance, Age 0 (Mean)","Number",2011,"Age 0","Other"
"Scup","Atlantic Coast",1988,1e+08,"Recruitment","Abundance, Age 0 (Mean)","Number",2011,"Age 0","Other"
"Scup","Atlantic Coast",1989,5.9e+07,"Recruitment","Abundance, Age 0 (Mean)","Number",2011,"Age 0","Other"
"Scup","Atlantic Coast",1990,1.18e+08,"Recruitment","Abundance, Age 0 (Mean)","Number",2011,"Age 0","Other"
"Scup","Atlantic Coast",1991,1.06e+08,"Recruitment","Abundance, Age 0 (Mean)","Number",2011,"Age 0","Other"
"Scup","Atlantic Coast",1992,4.1e+07,"Recruitment","Abundance, Age 0 (Mean)","Number",2011,"Age 0","Other"
"Scup","Atlantic Coast",1993,4.4e+07,"Recruitment","Abundance, Age 0 (Mean)","Number",2011,"Age 0","Other"
"Scup","Atlantic Coast",1994,7.7e+07,"Recruitment","Abundance, Age 0 (Mean)","Number",2011,"Age 0","Other"
"Scup","Atlantic Coast",1995,3.6e+07,"Recruitment","Abundance, Age 0 (Mean)","Number",2011,"Age 0","Other"
"Scup","Atlantic Coast",1996,2.3e+07,"Recruitment","Abundance, Age 0 (Mean)","Number",2011,"Age 0","Other"
"Scup","Atlantic Coast",1997,8.1e+07,"Recruitment","Abundance, Age 0 (Mean)","Number",2011,"Age 0","Other"
"Scup","Atlantic Coast",1998,1.04e+08,"Recruitment","Abundance, Age 0 (Mean)","Number",2011,"Age 0","Other"
"Scup","Atlantic Coast",1999,2.04e+08,"Recruitment","Abundance, Age 0 (Mean)","Number",2011,"Age 0","Other"
"Scup","Atlantic Coast",2000,2.22e+08,"Recruitment","Abundance, Age 0 (Mean)","Number",2011,"Age 0","Other"
"Scup","Atlantic Coast",2001,1.42e+08,"Recruitment","Abundance, Age 0 (Mean)","Number",2011,"Age 0","Other"
"Scup","Atlantic Coast",2002,9.3e+07,"Recruitment","Abundance, Age 0 (Mean)","Number",2011,"Age 0","Other"
"Scup","Atlantic Coast",2003,8.4e+07,"Recruitment","Abundance, Age 0 (Mean)","Number",2011,"Age 0","Other"
"Scup","Atlantic Coast",2004,1.33e+08,"Recruitment","Abundance, Age 0 (Mean)","Number",2011,"Age 0","Other"
"Scup","Atlantic Coast",2005,1.46e+08,"Recruitment","Abundance, Age 0 (Mean)","Number",2011,"Age 0","Other"
"Scup","Atlantic Coast",2006,1.73e+08,"Recruitment","Abundance, Age 0 (Mean)","Number",2011,"Age 0","Other"
"Scup","Atlantic Coast",2007,1.6e+08,"Recruitment","Abundance, Age 0 (Mean)","Number",2011,"Age 0","Other"
"Scup","Atlantic Coast",2008,2.12e+08,"Recruitment","Abundance, Age 0 (Mean)","Number",2011,"Age 0","Other"
"Scup","Atlantic Coast",2009,8.8e+07,"Recruitment","Abundance, Age 0 (Mean)","Number",2011,"Age 0","Other"
"Scup","Atlantic Coast",2010,4.4e+07,"Recruitment","Abundance, Age 0 (Mean)","Number",2011,"Age 0","Other"
"Scup","Atlantic Coast",1984,18142,"Biomass","Mature Biomass (Mean)","Metric Tons",2011,"No age","Mature"
"Scup","Atlantic Coast",1985,16963,"Biomass","Mature Biomass (Mean)","Metric Tons",2011,"No age","Mature"
"Scup","Atlantic Coast",1986,15783,"Biomass","Mature Biomass (Mean)","Metric Tons",2011,"No age","Mature"
"Scup","Atlantic Coast",1987,13283,"Biomass","Mature Biomass (Mean)","Metric Tons",2011,"No age","Mature"
"Scup","Atlantic Coast",1988,9551,"Biomass","Mature Biomass (Mean)","Metric Tons",2011,"No age","Mature"
"Scup","Atlantic Coast",1989,8056,"Biomass","Mature Biomass (Mean)","Metric Tons",2011,"No age","Mature"
"Scup","Atlantic Coast",1990,8828,"Biomass","Mature Biomass (Mean)","Metric Tons",2011,"No age","Mature"
"Scup","Atlantic Coast",1991,8360,"Biomass","Mature Biomass (Mean)","Metric Tons",2011,"No age","Mature"
"Scup","Atlantic Coast",1992,7353,"Biomass","Mature Biomass (Mean)","Metric Tons",2011,"No age","Mature"
"Scup","Atlantic Coast",1993,5985,"Biomass","Mature Biomass (Mean)","Metric Tons",2011,"No age","Mature"
"Scup","Atlantic Coast",1994,4389,"Biomass","Mature Biomass (Mean)","Metric Tons",2011,"No age","Mature"
"Scup","Atlantic Coast",1995,3959,"Biomass","Mature Biomass (Mean)","Metric Tons",2011,"No age","Mature"
"Scup","Atlantic Coast",1996,5063,"Biomass","Mature Biomass (Mean)","Metric Tons",2011,"No age","Mature"
"Scup","Atlantic Coast",1997,5794,"Biomass","Mature Biomass (Mean)","Metric Tons",2011,"No age","Mature"
"Scup","Atlantic Coast",1998,6410,"Biomass","Mature Biomass (Mean)","Metric Tons",2011,"No age","Mature"
"Scup","Atlantic Coast",1999,10412,"Biomass","Mature Biomass (Mean)","Metric Tons",2011,"No age","Mature"
"Scup","Atlantic Coast",2000,20242,"Biomass","Mature Biomass (Mean)","Metric Tons",2011,"No age","Mature"
"Scup","Atlantic Coast",2001,41657,"Biomass","Mature Biomass (Mean)","Metric Tons",2011,"No age","Mature"
"Scup","Atlantic Coast",2002,68049,"Biomass","Mature Biomass (Mean)","Metric Tons",2011,"No age","Mature"
"Scup","Atlantic Coast",2003,90745,"Biomass","Mature Biomass (Mean)","Metric Tons",2011,"No age","Mature"
"Scup","Atlantic Coast",2004,102611,"Biomass","Mature Biomass (Mean)","Metric Tons",2011,"No age","Mature"
"Scup","Atlantic Coast",2005,114758,"Biomass","Mature Biomass (Mean)","Metric Tons",2011,"No age","Mature"
"Scup","Atlantic Coast",2006,122199,"Biomass","Mature Biomass (Mean)","Metric Tons",2011,"No age","Mature"
"Scup","Atlantic Coast",2007,135098,"Biomass","Mature Biomass (Mean)","Metric Tons",2011,"No age","Mature"
"Scup","Atlantic Coast",2008,160655,"Biomass","Mature Biomass (Mean)","Metric Tons",2011,"No age","Mature"
"Scup","Atlantic Coast",2009,161332,"Biomass","Mature Biomass (Mean)","Metric Tons",2011,"No age","Mature"
"Scup","Atlantic Coast",2010,186262,"Biomass","Mature Biomass (Mean)","Metric Tons",2011,"No age","Mature"
"Scup","Atlantic Coast",1984,11053,"Catch","Reported Catch, Total (Mean)","Metric Tons",2010,"No age","Other"
"Scup","Atlantic Coast",1985,13729,"Catch","Reported Catch, Total (Mean)","Metric Tons",2010,"No age","Other"
"Scup","Atlantic Coast",1986,14532,"Catch","Reported Catch, Total (Mean)","Metric Tons",2010,"No age","Other"
"Scup","Atlantic Coast",1987,11662,"Catch","Reported Catch, Total (Mean)","Metric Tons",2010,"No age","Other"
"Scup","Atlantic Coast",1988,9567,"Catch","Reported Catch, Total (Mean)","Metric Tons",2010,"No age","Other"
"Scup","Atlantic Coast",1989,8773,"Catch","Reported Catch, Total (Mean)","Metric Tons",2010,"No age","Other"
"Scup","Atlantic Coast",1990,10396,"Catch","Reported Catch, Total (Mean)","Metric Tons",2010,"No age","Other"
"Scup","Atlantic Coast",1991,14357,"Catch","Reported Catch, Total (Mean)","Metric Tons",2010,"No age","Other"
"Scup","Atlantic Coast",1992,13975,"Catch","Reported Catch, Total (Mean)","Metric Tons",2010,"No age","Other"
"Scup","Atlantic Coast",1993,7640,"Catch","Reported Catch, Total (Mean)","Metric Tons",2010,"No age","Other"
"Scup","Atlantic Coast",1994,6428,"Catch","Reported Catch, Total (Mean)","Metric Tons",2010,"No age","Other"
"Scup","Atlantic Coast",1995,5752,"Catch","Reported Catch, Total (Mean)","Metric Tons",2010,"No age","Other"
"Scup","Atlantic Coast",1996,5465,"Catch","Reported Catch, Total (Mean)","Metric Tons",2010,"No age","Other"
"Scup","Atlantic Coast",1997,4582,"Catch","Reported Catch, Total (Mean)","Metric Tons",2010,"No age","Other"
"Scup","Atlantic Coast",1998,5638,"Catch","Reported Catch, Total (Mean)","Metric Tons",2010,"No age","Other"
"Scup","Atlantic Coast",1999,7186,"Catch","Reported Catch, Total (Mean)","Metric Tons",2010,"No age","Other"
"Scup","Atlantic Coast",2000,6083,"Catch","Reported Catch, Total (Mean)","Metric Tons",2010,"No age","Other"
"Scup","Atlantic Coast",2001,5326,"Catch","Reported Catch, Total (Mean)","Metric Tons",2010,"No age","Other"
"Scup","Atlantic Coast",2002,10590,"Catch","Reported Catch, Total (Mean)","Metric Tons",2010,"No age","Other"
"Scup","Atlantic Coast",2003,10564,"Catch","Reported Catch, Total (Mean)","Metric Tons",2010,"No age","Other"
"Scup","Atlantic Coast",2004,7181,"Catch","Reported Catch, Total (Mean)","Metric Tons",2010,"No age","Other"
"Scup","Atlantic Coast",2005,6308,"Catch","Reported Catch, Total (Mean)","Metric Tons",2010,"No age","Other"
"Scup","Atlantic Coast",2006,7173,"Catch","Reported Catch, Total (Mean)","Metric Tons",2010,"No age","Other"
"Scup","Atlantic Coast",2007,8026,"Catch","Reported Catch, Total (Mean)","Metric Tons",2010,"No age","Other"
"Scup","Atlantic Coast",2008,7360,"Catch","Reported Catch, Total (Mean)","Metric Tons",2010,"No age","Other"
"Scup","Atlantic Coast",2009,6918,"Catch","Reported Catch, Total (Mean)","Metric Tons",2010,"No age","Other"
"Scup","Atlantic Coast",1984,0.569000005722046,"Fmort","Mean F Age 2+","Rate",2010,"No age","Other"
"Scup","Atlantic Coast",1985,0.642000019550323,"Fmort","Mean F Age 2+","Rate",2010,"No age","Other"
"Scup","Atlantic Coast",1986,0.790000021457672,"Fmort","Mean F Age 2+","Rate",2010,"No age","Other"
"Scup","Atlantic Coast",1987,0.735000014305115,"Fmort","Mean F Age 2+","Rate",2010,"No age","Other"
"Scup","Atlantic Coast",1988,0.764999985694885,"Fmort","Mean F Age 2+","Rate",2010,"No age","Other"
"Scup","Atlantic Coast",1989,0.739000022411346,"Fmort","Mean F Age 2+","Rate",2010,"No age","Other"
"Scup","Atlantic Coast",1990,0.690999984741211,"Fmort","Mean F Age 2+","Rate",2010,"No age","Other"
"Scup","Atlantic Coast",1991,1.05099999904633,"Fmort","Mean F Age 2+","Rate",2010,"No age","Other"
"Scup","Atlantic Coast",1992,1.12300002574921,"Fmort","Mean F Age 2+","Rate",2010,"No age","Other"
"Scup","Atlantic Coast",1993,1.01800000667572,"Fmort","Mean F Age 2+","Rate",2010,"No age","Other"
"Scup","Atlantic Coast",1994,1.05799996852875,"Fmort","Mean F Age 2+","Rate",2010,"No age","Other"
"Scup","Atlantic Coast",1995,0.864000022411346,"Fmort","Mean F Age 2+","Rate",2010,"No age","Other"
"Scup","Atlantic Coast",1996,0.691999971866608,"Fmort","Mean F Age 2+","Rate",2010,"No age","Other"
"Scup","Atlantic Coast",1997,0.476000010967255,"Fmort","Mean F Age 2+","Rate",2010,"No age","Other"
"Scup","Atlantic Coast",1998,0.367000013589859,"Fmort","Mean F Age 2+","Rate",2010,"No age","Other"
"Scup","Atlantic Coast",1999,0.248999997973442,"Fmort","Mean F Age 2+","Rate",2010,"No age","Other"
"Scup","Atlantic Coast",2000,0.175999999046326,"Fmort","Mean F Age 2+","Rate",2010,"No age","Other"
"Scup","Atlantic Coast",2001,0.0970000028610229,"Fmort","Mean F Age 2+","Rate",2010,"No age","Other"
"Scup","Atlantic Coast",2002,0.101999998092651,"Fmort","Mean F Age 2+","Rate",2010,"No age","Other"
"Scup","Atlantic Coast",2003,0.104000002145767,"Fmort","Mean F Age 2+","Rate",2010,"No age","Other"
"Scup","Atlantic Coast",2004,0.0670000016689301,"Fmort","Mean F Age 2+","Rate",2010,"No age","Other"
"Scup","Atlantic Coast",2005,0.0529999993741512,"Fmort","Mean F Age 2+","Rate",2010,"No age","Other"
"Scup","Atlantic Coast",2006,0.0549999997019768,"Fmort","Mean F Age 2+","Rate",2010,"No age","Other"
"Scup","Atlantic Coast",2007,0.0560000017285347,"Fmort","Mean F Age 2+","Rate",2010,"No age","Other"
"Scup","Atlantic Coast",2008,0.0540000014007092,"Fmort","Mean F Age 2+","Rate",2010,"No age","Other"
"Scup","Atlantic Coast",2009,0.0430000014603138,"Fmort","Mean F Age 2+","Rate",2010,"No age","Other"
"Scup","Atlantic Coast",1984,1.02e+08,"Recruitment","Abundance, Age 0 (Mean)","Number",2010,"Age 0","Other"
"Scup","Atlantic Coast",1985,7.7e+07,"Recruitment","Abundance, Age 0 (Mean)","Number",2010,"Age 0","Other"
"Scup","Atlantic Coast",1986,65099998.4741211,"Recruitment","Abundance, Age 0 (Mean)","Number",2010,"Age 0","Other"
"Scup","Atlantic Coast",1987,55799999.2370605,"Recruitment","Abundance, Age 0 (Mean)","Number",2010,"Age 0","Other"
"Scup","Atlantic Coast",1988,109099998.474121,"Recruitment","Abundance, Age 0 (Mean)","Number",2010,"Age 0","Other"
"Scup","Atlantic Coast",1989,59400001.5258789,"Recruitment","Abundance, Age 0 (Mean)","Number",2010,"Age 0","Other"
"Scup","Atlantic Coast",1990,118599998.474121,"Recruitment","Abundance, Age 0 (Mean)","Number",2010,"Age 0","Other"
"Scup","Atlantic Coast",1991,109400001.525879,"Recruitment","Abundance, Age 0 (Mean)","Number",2010,"Age 0","Other"
"Scup","Atlantic Coast",1992,42799999.2370605,"Recruitment","Abundance, Age 0 (Mean)","Number",2010,"Age 0","Other"
"Scup","Atlantic Coast",1993,40299999.2370605,"Recruitment","Abundance, Age 0 (Mean)","Number",2010,"Age 0","Other"
"Scup","Atlantic Coast",1994,7.5e+07,"Recruitment","Abundance, Age 0 (Mean)","Number",2010,"Age 0","Other"
"Scup","Atlantic Coast",1995,3.6e+07,"Recruitment","Abundance, Age 0 (Mean)","Number",2010,"Age 0","Other"
"Scup","Atlantic Coast",1996,21200000.7629395,"Recruitment","Abundance, Age 0 (Mean)","Number",2010,"Age 0","Other"
"Scup","Atlantic Coast",1997,74500000,"Recruitment","Abundance, Age 0 (Mean)","Number",2010,"Age 0","Other"
"Scup","Atlantic Coast",1998,103599998.474121,"Recruitment","Abundance, Age 0 (Mean)","Number",2010,"Age 0","Other"
"Scup","Atlantic Coast",1999,206600006.103516,"Recruitment","Abundance, Age 0 (Mean)","Number",2010,"Age 0","Other"
"Scup","Atlantic Coast",2000,184199996.948242,"Recruitment","Abundance, Age 0 (Mean)","Number",2010,"Age 0","Other"
"Scup","Atlantic Coast",2001,148600006.103516,"Recruitment","Abundance, Age 0 (Mean)","Number",2010,"Age 0","Other"
"Scup","Atlantic Coast",2002,88400001.5258789,"Recruitment","Abundance, Age 0 (Mean)","Number",2010,"Age 0","Other"
"Scup","Atlantic Coast",2003,88300003.0517578,"Recruitment","Abundance, Age 0 (Mean)","Number",2010,"Age 0","Other"
"Scup","Atlantic Coast",2004,137600006.103516,"Recruitment","Abundance, Age 0 (Mean)","Number",2010,"Age 0","Other"
"Scup","Atlantic Coast",2005,1.44e+08,"Recruitment","Abundance, Age 0 (Mean)","Number",2010,"Age 0","Other"
"Scup","Atlantic Coast",2006,163100006.103516,"Recruitment","Abundance, Age 0 (Mean)","Number",2010,"Age 0","Other"
"Scup","Atlantic Coast",2007,141399993.896484,"Recruitment","Abundance, Age 0 (Mean)","Number",2010,"Age 0","Other"
"Scup","Atlantic Coast",2008,1.64e+08,"Recruitment","Abundance, Age 0 (Mean)","Number",2010,"Age 0","Other"
"Scup","Atlantic Coast",2009,140300003.051758,"Recruitment","Abundance, Age 0 (Mean)","Number",2010,"Age 0","Other"
"Scup","Atlantic Coast",1984,16568,"Biomass","Mature Biomass (Mean)","Metric Tons",2010,"No age","Mature"
"Scup","Atlantic Coast",1985,15631,"Biomass","Mature Biomass (Mean)","Metric Tons",2010,"No age","Mature"
"Scup","Atlantic Coast",1986,14835,"Biomass","Mature Biomass (Mean)","Metric Tons",2010,"No age","Mature"
"Scup","Atlantic Coast",1987,12247,"Biomass","Mature Biomass (Mean)","Metric Tons",2010,"No age","Mature"
"Scup","Atlantic Coast",1988,9595,"Biomass","Mature Biomass (Mean)","Metric Tons",2010,"No age","Mature"
"Scup","Atlantic Coast",1989,8231,"Biomass","Mature Biomass (Mean)","Metric Tons",2010,"No age","Mature"
"Scup","Atlantic Coast",1990,9401,"Biomass","Mature Biomass (Mean)","Metric Tons",2010,"No age","Mature"
"Scup","Atlantic Coast",1991,9057,"Biomass","Mature Biomass (Mean)","Metric Tons",2010,"No age","Mature"
"Scup","Atlantic Coast",1992,7779,"Biomass","Mature Biomass (Mean)","Metric Tons",2010,"No age","Mature"
"Scup","Atlantic Coast",1993,6727,"Biomass","Mature Biomass (Mean)","Metric Tons",2010,"No age","Mature"
"Scup","Atlantic Coast",1994,5121,"Biomass","Mature Biomass (Mean)","Metric Tons",2010,"No age","Mature"
"Scup","Atlantic Coast",1995,4397,"Biomass","Mature Biomass (Mean)","Metric Tons",2010,"No age","Mature"
"Scup","Atlantic Coast",1996,5610,"Biomass","Mature Biomass (Mean)","Metric Tons",2010,"No age","Mature"
"Scup","Atlantic Coast",1997,6085,"Biomass","Mature Biomass (Mean)","Metric Tons",2010,"No age","Mature"
"Scup","Atlantic Coast",1998,6707,"Biomass","Mature Biomass (Mean)","Metric Tons",2010,"No age","Mature"
"Scup","Atlantic Coast",1999,10677,"Biomass","Mature Biomass (Mean)","Metric Tons",2010,"No age","Mature"
"Scup","Atlantic Coast",2000,20981,"Biomass","Mature Biomass (Mean)","Metric Tons",2010,"No age","Mature"
"Scup","Atlantic Coast",2001,42789,"Biomass","Mature Biomass (Mean)","Metric Tons",2010,"No age","Mature"
"Scup","Atlantic Coast",2002,66562,"Biomass","Mature Biomass (Mean)","Metric Tons",2010,"No age","Mature"
"Scup","Atlantic Coast",2003,88269,"Biomass","Mature Biomass (Mean)","Metric Tons",2010,"No age","Mature"
"Scup","Atlantic Coast",2004,98122,"Biomass","Mature Biomass (Mean)","Metric Tons",2010,"No age","Mature"
"Scup","Atlantic Coast",2005,110183,"Biomass","Mature Biomass (Mean)","Metric Tons",2010,"No age","Mature"
"Scup","Atlantic Coast",2006,118680,"Biomass","Mature Biomass (Mean)","Metric Tons",2010,"No age","Mature"
"Scup","Atlantic Coast",2007,131891,"Biomass","Mature Biomass (Mean)","Metric Tons",2010,"No age","Mature"
"Scup","Atlantic Coast",2008,156951,"Biomass","Mature Biomass (Mean)","Metric Tons",2010,"No age","Mature"
"Scup","Atlantic Coast",2009,154545,"Biomass","Mature Biomass (Mean)","Metric Tons",2010,"No age","Mature"
"Scup","Atlantic Coast",1984,11053,"Catch","Reported Catch","Metric Tons",2009,"No age","Other"
"Scup","Atlantic Coast",1985,13729,"Catch","Reported Catch","Metric Tons",2009,"No age","Other"
"Scup","Atlantic Coast",1986,14532,"Catch","Reported Catch","Metric Tons",2009,"No age","Other"
"Scup","Atlantic Coast",1987,11662,"Catch","Reported Catch","Metric Tons",2009,"No age","Other"
"Scup","Atlantic Coast",1988,9567,"Catch","Reported Catch","Metric Tons",2009,"No age","Other"
"Scup","Atlantic Coast",1989,8773,"Catch","Reported Catch","Metric Tons",2009,"No age","Other"
"Scup","Atlantic Coast",1990,10396,"Catch","Reported Catch","Metric Tons",2009,"No age","Other"
"Scup","Atlantic Coast",1991,14357,"Catch","Reported Catch","Metric Tons",2009,"No age","Other"
"Scup","Atlantic Coast",1992,13975,"Catch","Reported Catch","Metric Tons",2009,"No age","Other"
"Scup","Atlantic Coast",1993,7640,"Catch","Reported Catch","Metric Tons",2009,"No age","Other"
"Scup","Atlantic Coast",1994,6428,"Catch","Reported Catch","Metric Tons",2009,"No age","Other"
"Scup","Atlantic Coast",1995,5752,"Catch","Reported Catch","Metric Tons",2009,"No age","Other"
"Scup","Atlantic Coast",1996,5465,"Catch","Reported Catch","Metric Tons",2009,"No age","Other"
"Scup","Atlantic Coast",1997,4582,"Catch","Reported Catch","Metric Tons",2009,"No age","Other"
"Scup","Atlantic Coast",1998,5638,"Catch","Reported Catch","Metric Tons",2009,"No age","Other"
"Scup","Atlantic Coast",1999,7186,"Catch","Reported Catch","Metric Tons",2009,"No age","Other"
"Scup","Atlantic Coast",2000,6083,"Catch","Reported Catch","Metric Tons",2009,"No age","Other"
"Scup","Atlantic Coast",2001,5326,"Catch","Reported Catch","Metric Tons",2009,"No age","Other"
"Scup","Atlantic Coast",2002,10590,"Catch","Reported Catch","Metric Tons",2009,"No age","Other"
"Scup","Atlantic Coast",2003,10564,"Catch","Reported Catch","Metric Tons",2009,"No age","Other"
"Scup","Atlantic Coast",2004,7181,"Catch","Reported Catch","Metric Tons",2009,"No age","Other"
"Scup","Atlantic Coast",2005,6308,"Catch","Reported Catch","Metric Tons",2009,"No age","Other"
"Scup","Atlantic Coast",2006,7173,"Catch","Reported Catch","Metric Tons",2009,"No age","Other"
"Scup","Atlantic Coast",2007,8026,"Catch","Reported Catch","Metric Tons",2009,"No age","Other"
"Scup","Atlantic Coast",2008,7352,"Catch","Reported Catch","Metric Tons",2009,"No age","Other"
"Scup","Atlantic Coast",1984,0.529999971389771,"Fmort","Annual F Ages 2+","Rate",2009,"No age","Other"
"Scup","Atlantic Coast",1985,0.610000014305115,"Fmort","Annual F Ages 2+","Rate",2009,"No age","Other"
"Scup","Atlantic Coast",1986,0.779999971389771,"Fmort","Annual F Ages 2+","Rate",2009,"No age","Other"
"Scup","Atlantic Coast",1987,0.680000007152557,"Fmort","Annual F Ages 2+","Rate",2009,"No age","Other"
"Scup","Atlantic Coast",1988,0.709999978542328,"Fmort","Annual F Ages 2+","Rate",2009,"No age","Other"
"Scup","Atlantic Coast",1989,0.699999988079071,"Fmort","Annual F Ages 2+","Rate",2009,"No age","Other"
"Scup","Atlantic Coast",1990,0.670000016689301,"Fmort","Annual F Ages 2+","Rate",2009,"No age","Other"
"Scup","Atlantic Coast",1991,1.00999999046326,"Fmort","Annual F Ages 2+","Rate",2009,"No age","Other"
"Scup","Atlantic Coast",1992,1.04999995231628,"Fmort","Annual F Ages 2+","Rate",2009,"No age","Other"
"Scup","Atlantic Coast",1993,1.0900000333786,"Fmort","Annual F Ages 2+","Rate",2009,"No age","Other"
"Scup","Atlantic Coast",1994,1.10000002384186,"Fmort","Annual F Ages 2+","Rate",2009,"No age","Other"
"Scup","Atlantic Coast",1995,0.879999995231628,"Fmort","Annual F Ages 2+","Rate",2009,"No age","Other"
"Scup","Atlantic Coast",1996,0.740000009536743,"Fmort","Annual F Ages 2+","Rate",2009,"No age","Other"
"Scup","Atlantic Coast",1997,0.479999989271164,"Fmort","Annual F Ages 2+","Rate",2009,"No age","Other"
"Scup","Atlantic Coast",1998,0.330000013113022,"Fmort","Annual F Ages 2+","Rate",2009,"No age","Other"
"Scup","Atlantic Coast",1999,0.209999993443489,"Fmort","Annual F Ages 2+","Rate",2009,"No age","Other"
"Scup","Atlantic Coast",2000,0.150000005960464,"Fmort","Annual F Ages 2+","Rate",2009,"No age","Other"
"Scup","Atlantic Coast",2001,0.0799999982118607,"Fmort","Annual F Ages 2+","Rate",2009,"No age","Other"
"Scup","Atlantic Coast",2002,0.0900000035762787,"Fmort","Annual F Ages 2+","Rate",2009,"No age","Other"
"Scup","Atlantic Coast",2003,0.0799999982118607,"Fmort","Annual F Ages 2+","Rate",2009,"No age","Other"
"Scup","Atlantic Coast",2004,0.0599999986588955,"Fmort","Annual F Ages 2+","Rate",2009,"No age","Other"
"Scup","Atlantic Coast",2005,0.0399999991059303,"Fmort","Annual F Ages 2+","Rate",2009,"No age","Other"
"Scup","Atlantic Coast",2006,0.0399999991059303,"Fmort","Annual F Ages 2+","Rate",2009,"No age","Other"
"Scup","Atlantic Coast",2007,0.0399999991059303,"Fmort","Annual F Ages 2+","Rate",2009,"No age","Other"
"Scup","Atlantic Coast",2008,0.0399999991059303,"Fmort","Annual F Ages 2+","Rate",2009,"No age","Other"
"Scup","Atlantic Coast",1984,107300003.051758,"Recruitment","Abundance, Age 0","Number",2009,"Age 0","Other"
"Scup","Atlantic Coast",1985,79099998.4741211,"Recruitment","Abundance, Age 0","Number",2009,"Age 0","Other"
"Scup","Atlantic Coast",1986,57700000.7629395,"Recruitment","Abundance, Age 0","Number",2009,"Age 0","Other"
"Scup","Atlantic Coast",1987,57599998.4741211,"Recruitment","Abundance, Age 0","Number",2009,"Age 0","Other"
"Scup","Atlantic Coast",1988,88599998.4741211,"Recruitment","Abundance, Age 0","Number",2009,"Age 0","Other"
"Scup","Atlantic Coast",1989,69699996.9482422,"Recruitment","Abundance, Age 0","Number",2009,"Age 0","Other"
"Scup","Atlantic Coast",1990,106199996.948242,"Recruitment","Abundance, Age 0","Number",2009,"Age 0","Other"
"Scup","Atlantic Coast",1991,93400001.5258789,"Recruitment","Abundance, Age 0","Number",2009,"Age 0","Other"
"Scup","Atlantic Coast",1992,39799999.2370605,"Recruitment","Abundance, Age 0","Number",2009,"Age 0","Other"
"Scup","Atlantic Coast",1993,46599998.4741211,"Recruitment","Abundance, Age 0","Number",2009,"Age 0","Other"
"Scup","Atlantic Coast",1994,70199996.9482422,"Recruitment","Abundance, Age 0","Number",2009,"Age 0","Other"
"Scup","Atlantic Coast",1995,36599998.4741211,"Recruitment","Abundance, Age 0","Number",2009,"Age 0","Other"
"Scup","Atlantic Coast",1996,29200000.7629395,"Recruitment","Abundance, Age 0","Number",2009,"Age 0","Other"
"Scup","Atlantic Coast",1997,85800003.0517578,"Recruitment","Abundance, Age 0","Number",2009,"Age 0","Other"
"Scup","Atlantic Coast",1998,114599998.474121,"Recruitment","Abundance, Age 0","Number",2009,"Age 0","Other"
"Scup","Atlantic Coast",1999,217600006.103516,"Recruitment","Abundance, Age 0","Number",2009,"Age 0","Other"
"Scup","Atlantic Coast",2000,266899993.896484,"Recruitment","Abundance, Age 0","Number",2009,"Age 0","Other"
"Scup","Atlantic Coast",2001,154899993.896484,"Recruitment","Abundance, Age 0","Number",2009,"Age 0","Other"
"Scup","Atlantic Coast",2002,118099998.474121,"Recruitment","Abundance, Age 0","Number",2009,"Age 0","Other"
"Scup","Atlantic Coast",2003,89699996.9482422,"Recruitment","Abundance, Age 0","Number",2009,"Age 0","Other"
"Scup","Atlantic Coast",2004,157899993.896484,"Recruitment","Abundance, Age 0","Number",2009,"Age 0","Other"
"Scup","Atlantic Coast",2005,159199996.948242,"Recruitment","Abundance, Age 0","Number",2009,"Age 0","Other"
"Scup","Atlantic Coast",2006,199300003.051758,"Recruitment","Abundance, Age 0","Number",2009,"Age 0","Other"
"Scup","Atlantic Coast",2007,1.13e+08,"Recruitment","Abundance, Age 0","Number",2009,"Age 0","Other"
"Scup","Atlantic Coast",2008,192399993.896484,"Recruitment","Abundance, Age 0","Number",2009,"Age 0","Other"
"Scup","Atlantic Coast",1984,18087,"Biomass","Spawning Stock Biomass Age 1+","Metric Tons",2009,"No age","Spawning Stock"
"Scup","Atlantic Coast",1985,17049,"Biomass","Spawning Stock Biomass Age 1+","Metric Tons",2009,"No age","Spawning Stock"
"Scup","Atlantic Coast",1986,15949,"Biomass","Spawning Stock Biomass Age 1+","Metric Tons",2009,"No age","Spawning Stock"
"Scup","Atlantic Coast",1987,13501,"Biomass","Spawning Stock Biomass Age 1+","Metric Tons",2009,"No age","Spawning Stock"
"Scup","Atlantic Coast",1988,10487,"Biomass","Spawning Stock Biomass Age 1+","Metric Tons",2009,"No age","Spawning Stock"
"Scup","Atlantic Coast",1989,8978,"Biomass","Spawning Stock Biomass Age 1+","Metric Tons",2009,"No age","Spawning Stock"
"Scup","Atlantic Coast",1990,9554,"Biomass","Spawning Stock Biomass Age 1+","Metric Tons",2009,"No age","Spawning Stock"
"Scup","Atlantic Coast",1991,9458,"Biomass","Spawning Stock Biomass Age 1+","Metric Tons",2009,"No age","Spawning Stock"
"Scup","Atlantic Coast",1992,8081,"Biomass","Spawning Stock Biomass Age 1+","Metric Tons",2009,"No age","Spawning Stock"
"Scup","Atlantic Coast",1993,6216,"Biomass","Spawning Stock Biomass Age 1+","Metric Tons",2009,"No age","Spawning Stock"
"Scup","Atlantic Coast",1994,4562,"Biomass","Spawning Stock Biomass Age 1+","Metric Tons",2009,"No age","Spawning Stock"
"Scup","Atlantic Coast",1995,4210,"Biomass","Spawning Stock Biomass Age 1+","Metric Tons",2009,"No age","Spawning Stock"
"Scup","Atlantic Coast",1996,5211,"Biomass","Spawning Stock Biomass Age 1+","Metric Tons",2009,"No age","Spawning Stock"
"Scup","Atlantic Coast",1997,5663,"Biomass","Spawning Stock Biomass Age 1+","Metric Tons",2009,"No age","Spawning Stock"
"Scup","Atlantic Coast",1998,6813,"Biomass","Spawning Stock Biomass Age 1+","Metric Tons",2009,"No age","Spawning Stock"
"Scup","Atlantic Coast",1999,12338,"Biomass","Spawning Stock Biomass Age 1+","Metric Tons",2009,"No age","Spawning Stock"
"Scup","Atlantic Coast",2000,25189,"Biomass","Spawning Stock Biomass Age 1+","Metric Tons",2009,"No age","Spawning Stock"
"Scup","Atlantic Coast",2001,50332,"Biomass","Spawning Stock Biomass Age 1+","Metric Tons",2009,"No age","Spawning Stock"
"Scup","Atlantic Coast",2002,80491,"Biomass","Spawning Stock Biomass Age 1+","Metric Tons",2009,"No age","Spawning Stock"
"Scup","Atlantic Coast",2003,105428,"Biomass","Spawning Stock Biomass Age 1+","Metric Tons",2009,"No age","Spawning Stock"
"Scup","Atlantic Coast",2004,118421,"Biomass","Spawning Stock Biomass Age 1+","Metric Tons",2009,"No age","Spawning Stock"
"Scup","Atlantic Coast",2005,133136,"Biomass","Spawning Stock Biomass Age 1+","Metric Tons",2009,"No age","Spawning Stock"
"Scup","Atlantic Coast",2006,142519,"Biomass","Spawning Stock Biomass Age 1+","Metric Tons",2009,"No age","Spawning Stock"
"Scup","Atlantic Coast",2007,158208,"Biomass","Spawning Stock Biomass Age 1+","Metric Tons",2009,"No age","Spawning Stock"
"Scup","Atlantic Coast",2008,187888,"Biomass","Spawning Stock Biomass Age 1+","Metric Tons",2009,"No age","Spawning Stock"
