"Year","Month","Var","Value","EPU"
"1954","01","gulf stream index",1.72374595999166,"All"
"1954","02","gulf stream index",1.88613100414862,"All"
"1954","03","gulf stream index",1.54812352467156,"All"
"1954","04","gulf stream index",1.51665538111719,"All"
"1954","05","gulf stream index",1.36922375432066,"All"
"1954","06","gulf stream index",1.76380264057499,"All"
"1954","07","gulf stream index",1.4728120394752,"All"
"1954","08","gulf stream index",-0.27609971695228,"All"
"1954","09","gulf stream index",0.704627710976227,"All"
"1954","1","gulf stream index",0.994900637857211,"All"
"1954","11","gulf stream index",0.336102908708519,"All"
"1954","12","gulf stream index",-0.70544455490256,"All"
"1955","01","gulf stream index",-0.817931110840407,"All"
"1955","02","gulf stream index",-0.635480821678586,"All"
"1955","03","gulf stream index",-0.249039221225324,"All"
"1955","04","gulf stream index",-0.0607510934194295,"All"
"1955","05","gulf stream index",0.103412062240427,"All"
"1955","06","gulf stream index",-0.183163632809362,"All"
"1955","07","gulf stream index",0.366213320206757,"All"
"1955","08","gulf stream index",0.509363092322913,"All"
"1955","09","gulf stream index",0.559285688209476,"All"
"1955","1","gulf stream index",-0.115855586309096,"All"
"1955","11","gulf stream index",-0.353202994884741,"All"
"1955","12","gulf stream index",-0.994450628561378,"All"
"1956","01","gulf stream index",-1.2142227142985,"All"
"1956","02","gulf stream index",-0.69498237308182,"All"
"1956","03","gulf stream index",-0.920262218613101,"All"
"1956","04","gulf stream index",-0.449675699643147,"All"
"1956","05","gulf stream index",-0.909127983995257,"All"
"1956","06","gulf stream index",-0.628351540044756,"All"
"1956","07","gulf stream index",0.564606334341525,"All"
"1956","08","gulf stream index",0.159749997784972,"All"
"1956","09","gulf stream index",0.517852877498531,"All"
"1956","1","gulf stream index",0.198159268982664,"All"
"1956","11","gulf stream index",0.307629562687357,"All"
"1956","12","gulf stream index",0.175107244757699,"All"
"1957","01","gulf stream index",-0.103171407452405,"All"
"1957","02","gulf stream index",-0.00592438762464363,"All"
"1957","03","gulf stream index",1.25557444591151,"All"
"1957","04","gulf stream index",-0.10602152587857,"All"
"1957","05","gulf stream index",-0.280921896378525,"All"
"1957","06","gulf stream index",0.194609238078581,"All"
"1957","07","gulf stream index",0.347891392390899,"All"
"1957","08","gulf stream index",0.30339903313468,"All"
"1957","09","gulf stream index",-0.0842482848232206,"All"
"1957","1","gulf stream index",0.252882403170988,"All"
"1957","11","gulf stream index",0.159649452534789,"All"
"1957","12","gulf stream index",-0.666422833409576,"All"
"1958","01","gulf stream index",-1.44469236623231,"All"
"1958","02","gulf stream index",-0.881802611596379,"All"
"1958","03","gulf stream index",-0.861398201536759,"All"
"1958","04","gulf stream index",-2.1918604253795,"All"
"1958","05","gulf stream index",-1.10426156964512,"All"
"1958","06","gulf stream index",-2.19422207933766,"All"
"1958","07","gulf stream index",-1.63730499229239,"All"
"1958","08","gulf stream index",-0.686110368105196,"All"
"1958","09","gulf stream index",-0.562132044639138,"All"
"1958","1","gulf stream index",-0.993747769354185,"All"
"1958","11","gulf stream index",-0.976972805946621,"All"
"1958","12","gulf stream index",-0.45797480392338,"All"
"1959","01","gulf stream index",-1.42808950186805,"All"
"1959","02","gulf stream index",-1.04738536409281,"All"
"1959","03","gulf stream index",-1.53602826782756,"All"
"1959","04","gulf stream index",-2.2870972301153,"All"
"1959","05","gulf stream index",-1.77043809356223,"All"
"1959","06","gulf stream index",-1.17179269661165,"All"
"1959","07","gulf stream index",-1.65424761154379,"All"
"1959","08","gulf stream index",-1.67248410400053,"All"
"1959","09","gulf stream index",-1.22691062792328,"All"
"1959","1","gulf stream index",-1.69690932124648,"All"
"1959","11","gulf stream index",-0.382411463847796,"All"
"1959","12","gulf stream index",-1.1068512810003,"All"
"1960","01","gulf stream index",-0.81880413323086,"All"
"1960","02","gulf stream index",-0.914501624793611,"All"
"1960","03","gulf stream index",-0.516154084052832,"All"
"1960","04","gulf stream index",-0.941483912005377,"All"
"1960","05","gulf stream index",-0.822397152268015,"All"
"1960","06","gulf stream index",-1.4665574151213,"All"
"1960","07","gulf stream index",-1.54446832747838,"All"
"1960","08","gulf stream index",-1.91816959170081,"All"
"1960","09","gulf stream index",-1.51938926977807,"All"
"1960","1","gulf stream index",-1.4611938888057,"All"
"1960","11","gulf stream index",-2.15940012153533,"All"
"1960","12","gulf stream index",-1.5419017299087,"All"
"1961","01","gulf stream index",-0.764910027106485,"All"
"1961","02","gulf stream index",-0.584153601592507,"All"
"1961","03","gulf stream index",-0.377832528411151,"All"
"1961","04","gulf stream index",-1.47816657855513,"All"
"1961","05","gulf stream index",-1.32357570369629,"All"
"1961","06","gulf stream index",-0.548108242207471,"All"
"1961","07","gulf stream index",-1.38303966643096,"All"
"1961","08","gulf stream index",-0.946412285652641,"All"
"1961","09","gulf stream index",-2.00540525565722,"All"
"1961","1","gulf stream index",-0.642212489176377,"All"
"1961","11","gulf stream index",-0.257227866015911,"All"
"1961","12","gulf stream index",-0.770354639900171,"All"
"1962","01","gulf stream index",0.148469414402165,"All"
"1962","02","gulf stream index",-1.6260997457951,"All"
"1962","03","gulf stream index",-1.16241346992461,"All"
"1962","04","gulf stream index",-1.59222011360364,"All"
"1962","05","gulf stream index",-0.893341919813797,"All"
"1962","06","gulf stream index",-1.00402292004763,"All"
"1962","07","gulf stream index",-1.31171959835904,"All"
"1962","08","gulf stream index",-1.62293210847899,"All"
"1962","09","gulf stream index",-0.490077713089482,"All"
"1962","1","gulf stream index",-0.0421739461296706,"All"
"1962","11","gulf stream index",-2.07580094345499,"All"
"1962","12","gulf stream index",-2.01764619388441,"All"
"1963","01","gulf stream index",-1.78592563194546,"All"
"1963","02","gulf stream index",-1.17889421700503,"All"
"1963","03","gulf stream index",-1.63267955652406,"All"
"1963","04","gulf stream index",-0.922062485880874,"All"
"1963","05","gulf stream index",-1.25628844903054,"All"
"1963","06","gulf stream index",-1.38769593783009,"All"
"1963","07","gulf stream index",-1.16174938239478,"All"
"1963","08","gulf stream index",-0.266607389465155,"All"
"1963","09","gulf stream index",-0.949968533078054,"All"
"1963","1","gulf stream index",-1.42011950591093,"All"
"1963","11","gulf stream index",-1.40104714506429,"All"
"1963","12","gulf stream index",-2.10408232143715,"All"
"1964","01","gulf stream index",-1.81598955978838,"All"
"1964","02","gulf stream index",-2.22600037731778,"All"
"1964","03","gulf stream index",-2.52785649265946,"All"
"1964","04","gulf stream index",-1.58973946788924,"All"
"1964","05","gulf stream index",-2.32845211536332,"All"
"1964","06","gulf stream index",-1.36169871133617,"All"
"1964","07","gulf stream index",-1.40420455728019,"All"
"1964","08","gulf stream index",-1.3982914736962,"All"
"1964","09","gulf stream index",-1.83650996719222,"All"
"1964","1","gulf stream index",-2.02717934959727,"All"
"1964","11","gulf stream index",-2.21912212140156,"All"
"1964","12","gulf stream index",-2.3181742528641,"All"
"1965","01","gulf stream index",-1.57771018924612,"All"
"1965","02","gulf stream index",-1.7373400208618,"All"
"1965","03","gulf stream index",-1.93959472617569,"All"
"1965","04","gulf stream index",-1.21333584872755,"All"
"1965","05","gulf stream index",-0.427779670385425,"All"
"1965","06","gulf stream index",-0.030437316673107,"All"
"1965","07","gulf stream index",0.513929879843572,"All"
"1965","08","gulf stream index",-0.835841197304596,"All"
"1965","09","gulf stream index",-2.10360988202396,"All"
"1965","1","gulf stream index",-2.12994649959435,"All"
"1965","11","gulf stream index",-1.11733943855112,"All"
"1965","12","gulf stream index",-1.68556870342526,"All"
"1966","01","gulf stream index",-1.8762936548937,"All"
"1966","02","gulf stream index",-1.52735037147733,"All"
"1966","03","gulf stream index",-1.72545742941843,"All"
"1966","04","gulf stream index",-2.26728774991945,"All"
"1966","05","gulf stream index",-3.50487723629648,"All"
"1966","06","gulf stream index",-1.47915403236343,"All"
"1966","07","gulf stream index",-1.33982432690969,"All"
"1966","08","gulf stream index",-2.30164317819141,"All"
"1966","09","gulf stream index",-2.67846569347335,"All"
"1966","1","gulf stream index",-1.96826600144398,"All"
"1966","11","gulf stream index",-1.51096716763327,"All"
"1966","12","gulf stream index",-1.68001085217655,"All"
"1967","01","gulf stream index",-0.746653660797258,"All"
"1967","02","gulf stream index",-0.0289125420930635,"All"
"1967","03","gulf stream index",-1.04375770923186,"All"
"1967","04","gulf stream index",-2.11034762268,"All"
"1967","05","gulf stream index",-1.04306994857898,"All"
"1967","06","gulf stream index",-1.77626133814241,"All"
"1967","07","gulf stream index",-1.62332299441869,"All"
"1967","08","gulf stream index",-1.43797045410792,"All"
"1967","09","gulf stream index",-1.44083037587365,"All"
"1967","1","gulf stream index",-1.54124812886888,"All"
"1967","11","gulf stream index",-0.983312176876867,"All"
"1967","12","gulf stream index",-0.922921202116869,"All"
"1968","01","gulf stream index",-1.12481710956715,"All"
"1968","02","gulf stream index",-0.940215918313607,"All"
"1968","03","gulf stream index",-0.932601983349079,"All"
"1968","04","gulf stream index",-1.01324664965697,"All"
"1968","05","gulf stream index",-0.234675946401123,"All"
"1968","06","gulf stream index",-0.737576224808865,"All"
"1968","07","gulf stream index",-0.12690552618466,"All"
"1968","08","gulf stream index",0.187229305950725,"All"
"1968","09","gulf stream index",0.721911193788237,"All"
"1968","1","gulf stream index",-0.104110634759627,"All"
"1968","11","gulf stream index",-0.211237971002271,"All"
"1968","12","gulf stream index",0.0780474963557005,"All"
"1969","01","gulf stream index",-0.116750782055559,"All"
"1969","02","gulf stream index",-0.926048166722641,"All"
"1969","03","gulf stream index",-1.07470998848909,"All"
"1969","04","gulf stream index",-0.672855968337104,"All"
"1969","05","gulf stream index",-1.31811511989466,"All"
"1969","06","gulf stream index",-1.03964499690823,"All"
"1969","07","gulf stream index",-1.64101779477243,"All"
"1969","08","gulf stream index",-0.309643014520756,"All"
"1969","09","gulf stream index",-0.890954121226902,"All"
"1969","1","gulf stream index",-0.972545528639366,"All"
"1969","11","gulf stream index",-1.31279877251307,"All"
"1969","12","gulf stream index",-0.619955533668656,"All"
"1970","01","gulf stream index",-0.270035805584379,"All"
"1970","02","gulf stream index",-1.15308965463031,"All"
"1970","03","gulf stream index",-1.26621777514941,"All"
"1970","04","gulf stream index",-1.28373840749244,"All"
"1970","05","gulf stream index",-1.19350338410738,"All"
"1970","06","gulf stream index",-0.904301712481252,"All"
"1970","07","gulf stream index",-1.28466456328867,"All"
"1970","08","gulf stream index",-1.54551026279917,"All"
"1970","09","gulf stream index",-0.730049047190719,"All"
"1970","1","gulf stream index",-0.765050816754644,"All"
"1970","11","gulf stream index",-0.786683999778393,"All"
"1970","12","gulf stream index",-0.972041405502942,"All"
"1971","01","gulf stream index",-2.1000636659648,"All"
"1971","02","gulf stream index",-2.11778926715421,"All"
"1971","03","gulf stream index",-0.992450694642291,"All"
"1971","04","gulf stream index",-1.14379813650395,"All"
"1971","05","gulf stream index",-0.884111086058883,"All"
"1971","06","gulf stream index",-1.47591131850353,"All"
"1971","07","gulf stream index",-1.07924185020809,"All"
"1971","08","gulf stream index",-0.989065416332325,"All"
"1971","09","gulf stream index",-0.0775460259166664,"All"
"1971","1","gulf stream index",-0.736055986232288,"All"
"1971","11","gulf stream index",-0.391287796628349,"All"
"1971","12","gulf stream index",-0.268335995474411,"All"
"1972","01","gulf stream index",-0.104417891217498,"All"
"1972","02","gulf stream index",-1.00226866005198,"All"
"1972","03","gulf stream index",0.0825878905893554,"All"
"1972","04","gulf stream index",-0.238491396872516,"All"
"1972","05","gulf stream index",0.328238411973559,"All"
"1972","06","gulf stream index",-0.0787966166984495,"All"
"1972","07","gulf stream index",-0.172265506972318,"All"
"1972","08","gulf stream index",-0.206307497080953,"All"
"1972","09","gulf stream index",0.00339405936388242,"All"
"1972","1","gulf stream index",-0.287542175174399,"All"
"1972","11","gulf stream index",0.541686048685085,"All"
"1972","12","gulf stream index",0.152887063095387,"All"
"1973","01","gulf stream index",-0.0282502855335583,"All"
"1973","02","gulf stream index",-0.31023611199659,"All"
"1973","03","gulf stream index",0.0670605015744878,"All"
"1973","04","gulf stream index",0.246300873750316,"All"
"1973","05","gulf stream index",-0.0462033372745529,"All"
"1973","06","gulf stream index",0.0297095088136644,"All"
"1973","07","gulf stream index",0.234043060436024,"All"
"1973","08","gulf stream index",0.365919167821753,"All"
"1973","09","gulf stream index",-0.206121259991806,"All"
"1973","1","gulf stream index",0.117936199525041,"All"
"1973","11","gulf stream index",-0.17799220657542,"All"
"1973","12","gulf stream index",0.887002431663432,"All"
"1974","01","gulf stream index",0.624762852863786,"All"
"1974","02","gulf stream index",1.36514110727024,"All"
"1974","03","gulf stream index",0.799821354144008,"All"
"1974","04","gulf stream index",1.69089719811518,"All"
"1974","05","gulf stream index",0.609971197563394,"All"
"1974","06","gulf stream index",0.912212729731661,"All"
"1974","07","gulf stream index",0.240770137064239,"All"
"1974","08","gulf stream index",0.237031574720987,"All"
"1974","09","gulf stream index",-0.320206223287903,"All"
"1974","1","gulf stream index",-0.893173868375697,"All"
"1974","11","gulf stream index",1.01697249093685,"All"
"1974","12","gulf stream index",1.66521878091227,"All"
"1975","01","gulf stream index",0.490944991181689,"All"
"1975","02","gulf stream index",0.139479233966711,"All"
"1975","03","gulf stream index",0.174443460879302,"All"
"1975","04","gulf stream index",0.0117841612368383,"All"
"1975","05","gulf stream index",-0.686355923442877,"All"
"1975","06","gulf stream index",-0.16019581793812,"All"
"1975","07","gulf stream index",-0.0053360329497372,"All"
"1975","08","gulf stream index",-1.19157619433813,"All"
"1975","09","gulf stream index",-0.240143818240406,"All"
"1975","1","gulf stream index",0.950043604377485,"All"
"1975","11","gulf stream index",0.00646101773158968,"All"
"1975","12","gulf stream index",0.242753665813734,"All"
"1976","01","gulf stream index",0.310344182868661,"All"
"1976","02","gulf stream index",0.491160126903975,"All"
"1976","03","gulf stream index",0.316630226169551,"All"
"1976","04","gulf stream index",0.397485933279045,"All"
"1976","05","gulf stream index",0.983778974546744,"All"
"1976","06","gulf stream index",1.3100285856601,"All"
"1976","07","gulf stream index",1.03130146919434,"All"
"1976","08","gulf stream index",0.748645825122092,"All"
"1976","09","gulf stream index",0.224211623720898,"All"
"1976","1","gulf stream index",0.604621635527147,"All"
"1976","11","gulf stream index",0.191523962618271,"All"
"1976","12","gulf stream index",-0.366428111913704,"All"
"1977","01","gulf stream index",0.530990051925271,"All"
"1977","02","gulf stream index",1.33815418322986,"All"
"1977","03","gulf stream index",0.472669825590423,"All"
"1977","04","gulf stream index",0.688256920089769,"All"
"1977","05","gulf stream index",0.115828993309181,"All"
"1977","06","gulf stream index",0.641385234027826,"All"
"1977","07","gulf stream index",0.963947106318077,"All"
"1977","08","gulf stream index",0.0166984177610508,"All"
"1977","09","gulf stream index",0.274855315580539,"All"
"1977","1","gulf stream index",-1.54134854656583,"All"
"1977","11","gulf stream index",-0.272594442978507,"All"
"1977","12","gulf stream index",0.222789155328489,"All"
"1978","01","gulf stream index",-0.85253930337636,"All"
"1978","02","gulf stream index",-0.922259280151402,"All"
"1978","03","gulf stream index",-0.649373789539347,"All"
"1978","04","gulf stream index",-0.29339708112652,"All"
"1978","05","gulf stream index",-0.320599914150169,"All"
"1978","06","gulf stream index",-1.30582236694663,"All"
"1978","07","gulf stream index",-1.23634497042582,"All"
"1978","08","gulf stream index",-0.336882348449105,"All"
"1978","09","gulf stream index",-0.259122388003142,"All"
"1978","1","gulf stream index",-0.0899044260538465,"All"
"1978","11","gulf stream index",-0.0903664427813044,"All"
"1978","12","gulf stream index",0.652309216125952,"All"
"1979","01","gulf stream index",0.363800916893428,"All"
"1979","02","gulf stream index",-0.0869857163829328,"All"
"1979","03","gulf stream index",-0.302455722506507,"All"
"1979","04","gulf stream index",0.544641511906922,"All"
"1979","05","gulf stream index",-0.624735710181683,"All"
"1979","06","gulf stream index",-0.734493063143285,"All"
"1979","07","gulf stream index",-0.869158986482428,"All"
"1979","08","gulf stream index",-0.903905539416085,"All"
"1979","09","gulf stream index",-0.639583983578803,"All"
"1979","1","gulf stream index",0.165711727689959,"All"
"1979","11","gulf stream index",0.282031163203716,"All"
"1979","12","gulf stream index",-0.0140984896468184,"All"
"1980","01","gulf stream index",0.549123809991425,"All"
"1980","02","gulf stream index",0.0471843090258344,"All"
"1980","03","gulf stream index",-0.140107376108092,"All"
"1980","04","gulf stream index",-0.00269034306733376,"All"
"1980","05","gulf stream index",-0.301938209628314,"All"
"1980","06","gulf stream index",-0.150136577258596,"All"
"1980","07","gulf stream index",0.429725781839248,"All"
"1980","08","gulf stream index",0.24884119748166,"All"
"1980","09","gulf stream index",-0.00481005801465571,"All"
"1980","1","gulf stream index",-0.755043634030925,"All"
"1980","11","gulf stream index",0.228728761947149,"All"
"1980","12","gulf stream index",-0.195532875838299,"All"
"1981","01","gulf stream index",0.162535782950346,"All"
"1981","02","gulf stream index",-0.553043134013769,"All"
"1981","03","gulf stream index",-0.132501020266523,"All"
"1981","04","gulf stream index",-0.719246403078384,"All"
"1981","05","gulf stream index",-0.867386352600895,"All"
"1981","06","gulf stream index",-0.582050295358608,"All"
"1981","07","gulf stream index",-0.831347363709429,"All"
"1981","08","gulf stream index",-0.932057564761626,"All"
"1981","09","gulf stream index",0.227993024346966,"All"
"1981","1","gulf stream index",-1.0256693477388,"All"
"1981","11","gulf stream index",-1.05392058964299,"All"
"1981","12","gulf stream index",-0.659668738686505,"All"
"1982","01","gulf stream index",-0.914115202800066,"All"
"1982","02","gulf stream index",-1.33972824735878,"All"
"1982","03","gulf stream index",-0.187046031466781,"All"
"1982","04","gulf stream index",-0.277843175196606,"All"
"1982","05","gulf stream index",-0.474425934737307,"All"
"1982","06","gulf stream index",-1.06532795176804,"All"
"1982","07","gulf stream index",-0.985324000676469,"All"
"1982","08","gulf stream index",-0.0401064455550841,"All"
"1982","09","gulf stream index",0.00477749964210353,"All"
"1982","1","gulf stream index",-0.265738319113703,"All"
"1982","11","gulf stream index",0.244440511845401,"All"
"1982","12","gulf stream index",0.178298859601005,"All"
"1983","01","gulf stream index",-0.0335826185862538,"All"
"1983","02","gulf stream index",-0.0166318794261115,"All"
"1983","03","gulf stream index",-0.505212569760591,"All"
"1983","04","gulf stream index",-0.0816828082902485,"All"
"1983","05","gulf stream index",0.159101957775451,"All"
"1983","06","gulf stream index",0.136692413463732,"All"
"1983","07","gulf stream index",-0.461658529396084,"All"
"1983","08","gulf stream index",-0.779156344825967,"All"
"1983","09","gulf stream index",-0.674385443914657,"All"
"1983","1","gulf stream index",-0.713705249769205,"All"
"1983","11","gulf stream index",0.173739867463942,"All"
"1983","12","gulf stream index",-0.197423937772648,"All"
"1984","01","gulf stream index",-0.885319349967697,"All"
"1984","02","gulf stream index",-0.11234628323369,"All"
"1984","03","gulf stream index",0.368970071782363,"All"
"1984","04","gulf stream index",0.703589696496966,"All"
"1984","05","gulf stream index",-0.109684278050388,"All"
"1984","06","gulf stream index",0.54221668165889,"All"
"1984","07","gulf stream index",0.41992966171296,"All"
"1984","08","gulf stream index",0.68706928131883,"All"
"1984","09","gulf stream index",0.546560241711241,"All"
"1984","1","gulf stream index",0.843571986152315,"All"
"1984","11","gulf stream index",0.817819175537692,"All"
"1984","12","gulf stream index",1.12484973790014,"All"
"1985","01","gulf stream index",1.26307706801707,"All"
"1985","02","gulf stream index",0.361275219983216,"All"
"1985","03","gulf stream index",0.634472433915884,"All"
"1985","04","gulf stream index",0.418996696100488,"All"
"1985","05","gulf stream index",0.0845251616744325,"All"
"1985","06","gulf stream index",1.36590786011891,"All"
"1985","07","gulf stream index",0.89030963211749,"All"
"1985","08","gulf stream index",0.592769263863628,"All"
"1985","09","gulf stream index",0.631562315701174,"All"
"1985","1","gulf stream index",1.17338589375055,"All"
"1985","11","gulf stream index",0.495977186014993,"All"
"1985","12","gulf stream index",-0.102285769459453,"All"
"1986","01","gulf stream index",0.442032834354928,"All"
"1986","02","gulf stream index",0.35057313685075,"All"
"1986","03","gulf stream index",-0.692340449109617,"All"
"1986","04","gulf stream index",1.13845334222757,"All"
"1986","05","gulf stream index",0.478976954685986,"All"
"1986","06","gulf stream index",0.655289622470937,"All"
"1986","07","gulf stream index",-0.542033282517583,"All"
"1986","08","gulf stream index",0.0904639644514629,"All"
"1986","09","gulf stream index",-0.499868959221032,"All"
"1986","1","gulf stream index",0.197461830924279,"All"
"1986","11","gulf stream index",0.700472554977657,"All"
"1986","12","gulf stream index",-0.159624227875561,"All"
"1987","01","gulf stream index",0.15177044209031,"All"
"1987","02","gulf stream index",-1.38162382533977,"All"
"1987","03","gulf stream index",-1.66241542936984,"All"
"1987","04","gulf stream index",-0.764362577811301,"All"
"1987","05","gulf stream index",-0.527322893073025,"All"
"1987","06","gulf stream index",-0.532980058460502,"All"
"1987","07","gulf stream index",-0.42585573270939,"All"
"1987","08","gulf stream index",-0.499545306958692,"All"
"1987","09","gulf stream index",-0.599502806106145,"All"
"1987","1","gulf stream index",0.140754941807772,"All"
"1987","11","gulf stream index",-0.749370243645115,"All"
"1987","12","gulf stream index",-1.41422640236997,"All"
"1988","01","gulf stream index",-0.413735362342038,"All"
"1988","02","gulf stream index",-0.588599381410171,"All"
"1988","03","gulf stream index",-1.26440288850871,"All"
"1988","04","gulf stream index",-1.37516676711471,"All"
"1988","05","gulf stream index",-0.604687043649348,"All"
"1988","06","gulf stream index",-0.638615910965216,"All"
"1988","07","gulf stream index",-1.09299392216643,"All"
"1988","08","gulf stream index",-0.212372525728132,"All"
"1988","09","gulf stream index",0.615543872479169,"All"
"1988","1","gulf stream index",-0.0913652580852996,"All"
"1988","11","gulf stream index",-0.382773224794465,"All"
"1988","12","gulf stream index",-1.56712163477973,"All"
"1989","01","gulf stream index",-1.46869682845822,"All"
"1989","02","gulf stream index",-1.33773639469631,"All"
"1989","03","gulf stream index",-1.36277044269095,"All"
"1989","04","gulf stream index",-0.224927346552637,"All"
"1989","05","gulf stream index",-0.724802944807309,"All"
"1989","06","gulf stream index",-0.85107089055848,"All"
"1989","07","gulf stream index",-1.26736720188397,"All"
"1989","08","gulf stream index",-0.0452761240207925,"All"
"1989","09","gulf stream index",-0.731512352993828,"All"
"1989","1","gulf stream index",-1.05786002544279,"All"
"1989","11","gulf stream index",-0.993001896270146,"All"
"1989","12","gulf stream index",-0.594203650381235,"All"
"1990","01","gulf stream index",-0.142745637097427,"All"
"1990","02","gulf stream index",-0.760150204700743,"All"
"1990","03","gulf stream index",0.459677566966222,"All"
"1990","04","gulf stream index",0.828503359133231,"All"
"1990","05","gulf stream index",-0.233972616321226,"All"
"1990","06","gulf stream index",-1.04333771422234,"All"
"1990","07","gulf stream index",-0.364199746951602,"All"
"1990","08","gulf stream index",1.33508091441934,"All"
"1990","09","gulf stream index",-0.673173307025801,"All"
"1990","1","gulf stream index",-0.288009979825964,"All"
"1990","11","gulf stream index",0.242189876107655,"All"
"1990","12","gulf stream index",1.11897067897247,"All"
"1991","01","gulf stream index",0.458141302349506,"All"
"1991","02","gulf stream index",1.51451231237134,"All"
"1991","03","gulf stream index",1.04433977832507,"All"
"1991","04","gulf stream index",1.03153086481585,"All"
"1991","05","gulf stream index",1.71675155677759,"All"
"1991","06","gulf stream index",0.901799549760341,"All"
"1991","07","gulf stream index",0.956915446525501,"All"
"1991","08","gulf stream index",-0.0554651787262186,"All"
"1991","09","gulf stream index",-1.11796000939852,"All"
"1991","1","gulf stream index",1.16777623164592,"All"
"1991","11","gulf stream index",1.1432983614603,"All"
"1991","12","gulf stream index",0.609514836886332,"All"
"1992","01","gulf stream index",1.56657267478174,"All"
"1992","02","gulf stream index",0.757636482841109,"All"
"1992","03","gulf stream index",0.29020610726855,"All"
"1992","04","gulf stream index",-0.321812205126867,"All"
"1992","05","gulf stream index",0.244277298471274,"All"
"1992","06","gulf stream index",0.538437347568832,"All"
"1992","07","gulf stream index",0.427009741580229,"All"
"1992","08","gulf stream index",0.114935684232978,"All"
"1992","09","gulf stream index",0.37515004048769,"All"
"1992","1","gulf stream index",-0.855799757934647,"All"
"1992","11","gulf stream index",-0.203843138951811,"All"
"1992","12","gulf stream index",0.143728184741158,"All"
"1993","01","gulf stream index",-0.136379761885372,"All"
"1993","02","gulf stream index",1.19296331726372,"All"
"1993","03","gulf stream index",0.990118634677219,"All"
"1993","04","gulf stream index",-0.333866084236973,"All"
"1993","05","gulf stream index",0.777306934460439,"All"
"1993","06","gulf stream index",0.566388024022233,"All"
"1993","07","gulf stream index",0.993174000887137,"All"
"1993","08","gulf stream index",0.958288814088601,"All"
"1993","09","gulf stream index",0.51748808304597,"All"
"1993","1","gulf stream index",0.800213441468534,"All"
"1993","11","gulf stream index",0.0276758925921254,"All"
"1993","12","gulf stream index",0.513751694164369,"All"
"1994","01","gulf stream index",0.435274628375487,"All"
"1994","02","gulf stream index",-0.0803179601102214,"All"
"1994","03","gulf stream index",-0.032113202718918,"All"
"1994","04","gulf stream index",1.17042036576895,"All"
"1994","05","gulf stream index",1.2430636407179,"All"
"1994","06","gulf stream index",0.891315389437715,"All"
"1994","07","gulf stream index",0.659111379147112,"All"
"1994","08","gulf stream index",1.34835379157666,"All"
"1994","09","gulf stream index",1.05677105287839,"All"
"1994","1","gulf stream index",0.634186934771273,"All"
"1994","11","gulf stream index",0.557215489778309,"All"
"1994","12","gulf stream index",1.56810475427985,"All"
"1995","01","gulf stream index",1.02738932050789,"All"
"1995","02","gulf stream index",1.61712071859008,"All"
"1995","03","gulf stream index",1.43136931857471,"All"
"1995","04","gulf stream index",1.45738834348067,"All"
"1995","05","gulf stream index",1.69672595549236,"All"
"1995","06","gulf stream index",1.17687554394788,"All"
"1995","07","gulf stream index",0.940917446077577,"All"
"1995","08","gulf stream index",0.670445601123572,"All"
"1995","09","gulf stream index",0.121200316480732,"All"
"1995","1","gulf stream index",0.708939285158178,"All"
"1995","11","gulf stream index",0.845587479591732,"All"
"1995","12","gulf stream index",0.351828607996748,"All"
"1996","01","gulf stream index",-0.825073750483297,"All"
"1996","02","gulf stream index",-0.245091574963935,"All"
"1996","03","gulf stream index",0.520419873492368,"All"
"1996","04","gulf stream index",0.324065312508147,"All"
"1996","05","gulf stream index",-0.573962849662781,"All"
"1996","06","gulf stream index",-0.446172866012534,"All"
"1996","07","gulf stream index",-0.397852564224114,"All"
"1996","08","gulf stream index",-0.0817826547078865,"All"
"1996","09","gulf stream index",-0.464469477229556,"All"
"1996","1","gulf stream index",-0.861033624965973,"All"
"1996","11","gulf stream index",-0.744212076879011,"All"
"1996","12","gulf stream index",-1.94018772385763,"All"
"1997","01","gulf stream index",-0.246258603921922,"All"
"1997","02","gulf stream index",-0.610766593667407,"All"
"1997","03","gulf stream index",-0.705641808759592,"All"
"1997","04","gulf stream index",0.202016760180012,"All"
"1997","05","gulf stream index",-0.350813383219135,"All"
"1997","06","gulf stream index",-0.637001684666386,"All"
"1997","07","gulf stream index",-0.62663245965654,"All"
"1997","08","gulf stream index",-0.13263654719128,"All"
"1997","09","gulf stream index",0.433374293560753,"All"
"1997","1","gulf stream index",-1.22286365417806,"All"
"1997","11","gulf stream index",-0.901456379347471,"All"
"1997","12","gulf stream index",-0.431025510461058,"All"
"1998","01","gulf stream index",-0.489314868536517,"All"
"1998","02","gulf stream index",-1.53158589121164,"All"
"1998","03","gulf stream index",-1.35934742677304,"All"
"1998","04","gulf stream index",-1.28504772836913,"All"
"1998","05","gulf stream index",-0.140255339781022,"All"
"1998","06","gulf stream index",-0.513904721951146,"All"
"1998","07","gulf stream index",-0.303865550138136,"All"
"1998","08","gulf stream index",-0.0446662675519908,"All"
"1998","09","gulf stream index",0.00251778430757627,"All"
"1998","1","gulf stream index",0.186099793503378,"All"
"1998","11","gulf stream index",0.438829592303123,"All"
"1998","12","gulf stream index",1.5105649660694,"All"
"1999","01","gulf stream index",1.1231820157742,"All"
"1999","02","gulf stream index",1.79197624108948,"All"
"1999","03","gulf stream index",1.07035858696696,"All"
"1999","04","gulf stream index",1.52125863388684,"All"
"1999","05","gulf stream index",1.72215882236763,"All"
"1999","06","gulf stream index",1.84115001983985,"All"
"1999","07","gulf stream index",1.2588704633333,"All"
"1999","08","gulf stream index",0.514313501837925,"All"
"1999","09","gulf stream index",0.888208873224375,"All"
"1999","1","gulf stream index",1.3475968122943,"All"
"1999","11","gulf stream index",0.574510453241771,"All"
"1999","12","gulf stream index",-0.451208390695708,"All"
"2000","01","gulf stream index",0.527518533073979,"All"
"2000","02","gulf stream index",0.542209171032012,"All"
"2000","03","gulf stream index",0.585565222566208,"All"
"2000","04","gulf stream index",0.503894210264409,"All"
"2000","05","gulf stream index",1.15484188371064,"All"
"2000","06","gulf stream index",0.602240054620277,"All"
"2000","07","gulf stream index",0.414706277955114,"All"
"2000","08","gulf stream index",1.23222778796167,"All"
"2000","09","gulf stream index",0.593043408056845,"All"
"2000","1","gulf stream index",1.38566792816069,"All"
"2000","11","gulf stream index",1.21160271469747,"All"
"2000","12","gulf stream index",0.671558403365407,"All"
"2001","01","gulf stream index",-0.543308995070407,"All"
"2001","02","gulf stream index",-0.663588098719276,"All"
"2001","03","gulf stream index",0.313184160895436,"All"
"2001","04","gulf stream index",0.316410504175326,"All"
"2001","05","gulf stream index",-0.0797667777677257,"All"
"2001","06","gulf stream index",0.488644961783912,"All"
"2001","07","gulf stream index",0.492472087670965,"All"
"2001","08","gulf stream index",-0.679274091387668,"All"
"2001","09","gulf stream index",-0.0156218466190841,"All"
"2001","1","gulf stream index",0.747016876462592,"All"
"2001","11","gulf stream index",1.07871925402494,"All"
"2001","12","gulf stream index",2.19752719169905,"All"
"2002","01","gulf stream index",1.57374750650351,"All"
"2002","02","gulf stream index",1.10960191420749,"All"
"2002","03","gulf stream index",1.39680023828228,"All"
"2002","04","gulf stream index",1.10206521100575,"All"
"2002","05","gulf stream index",1.73742432992194,"All"
"2002","06","gulf stream index",1.32144699250954,"All"
"2002","07","gulf stream index",1.90183207984023,"All"
"2002","08","gulf stream index",1.06674936099965,"All"
"2002","09","gulf stream index",0.0723453368190762,"All"
"2002","1","gulf stream index",1.49157373080022,"All"
"2002","11","gulf stream index",1.36316273576945,"All"
"2002","12","gulf stream index",1.58443404410639,"All"
"2003","01","gulf stream index",0.885805741312565,"All"
"2003","02","gulf stream index",0.329440637106827,"All"
"2003","03","gulf stream index",0.0356907679370452,"All"
"2003","04","gulf stream index",0.00650907700166295,"All"
"2003","05","gulf stream index",-5.60917095445551e-05,"All"
"2003","06","gulf stream index",0.193691623989119,"All"
"2003","07","gulf stream index",0.271487757222758,"All"
"2003","08","gulf stream index",0.147751174145975,"All"
"2003","09","gulf stream index",0.0454207100497217,"All"
"2003","1","gulf stream index",0.573879846123154,"All"
"2003","11","gulf stream index",-0.222015252393196,"All"
"2003","12","gulf stream index",0.182126874307754,"All"
"2004","01","gulf stream index",0.190886934473487,"All"
"2004","02","gulf stream index",-0.14390795554597,"All"
"2004","03","gulf stream index",-0.317156399483214,"All"
"2004","04","gulf stream index",-0.433079241634383,"All"
"2004","05","gulf stream index",0.120337745191273,"All"
"2004","06","gulf stream index",-0.0039413800757153,"All"
"2004","07","gulf stream index",-0.371333821429691,"All"
"2004","08","gulf stream index",-0.591506798388444,"All"
"2004","09","gulf stream index",-0.219948703402847,"All"
"2004","1","gulf stream index",-0.344380235402525,"All"
"2004","11","gulf stream index",-0.832199949412755,"All"
"2004","12","gulf stream index",-0.46692359220107,"All"
"2005","01","gulf stream index",-0.4643454728186,"All"
"2005","02","gulf stream index",-0.340528693460065,"All"
"2005","03","gulf stream index",-0.332676863382884,"All"
"2005","04","gulf stream index",-0.168386646835309,"All"
"2005","05","gulf stream index",-0.772306693562635,"All"
"2005","06","gulf stream index",-0.210167180372372,"All"
"2005","07","gulf stream index",-0.0650488143830948,"All"
"2005","08","gulf stream index",0.16577132668608,"All"
"2005","09","gulf stream index",0.317184292124686,"All"
"2005","1","gulf stream index",-0.29536684378442,"All"
"2005","11","gulf stream index",-0.29015219430994,"All"
"2005","12","gulf stream index",-0.166996041255012,"All"
"2006","01","gulf stream index",0.24764995420263,"All"
"2006","02","gulf stream index",0.648763283927803,"All"
"2006","03","gulf stream index",0.0439856422414426,"All"
"2006","04","gulf stream index",0.463538467361035,"All"
"2006","05","gulf stream index",0.645784357175793,"All"
"2006","06","gulf stream index",0.221040369290084,"All"
"2006","07","gulf stream index",-0.0399718638698,"All"
"2006","08","gulf stream index",0.251206329307203,"All"
"2006","09","gulf stream index",-0.251306640350758,"All"
"2006","1","gulf stream index",-0.858295827917776,"All"
"2006","11","gulf stream index",-0.621034907959062,"All"
"2006","12","gulf stream index",-0.891270214598869,"All"
"2007","01","gulf stream index",-1.10481638450486,"All"
"2007","02","gulf stream index",-0.601733869657952,"All"
"2007","03","gulf stream index",-0.854358486755076,"All"
"2007","04","gulf stream index",-1.16776306850067,"All"
"2007","05","gulf stream index",-1.02851058752117,"All"
"2007","06","gulf stream index",-0.896377444759547,"All"
"2007","07","gulf stream index",-0.746290584115788,"All"
"2007","08","gulf stream index",-0.391176371312941,"All"
"2007","09","gulf stream index",-0.575580148597921,"All"
"2007","1","gulf stream index",-0.823378784479116,"All"
"2007","11","gulf stream index",-1.38379936809551,"All"
"2007","12","gulf stream index",-0.223715241380478,"All"
"2008","01","gulf stream index",0.214168235813693,"All"
"2008","02","gulf stream index",0.0886405933837015,"All"
"2008","03","gulf stream index",1.38779899225665,"All"
"2008","04","gulf stream index",0.282951088404851,"All"
"2008","05","gulf stream index",0.904879688321918,"All"
"2008","06","gulf stream index",0.246326675442068,"All"
"2008","07","gulf stream index",0.0404268822134984,"All"
"2008","08","gulf stream index",-0.297123781323438,"All"
"2008","09","gulf stream index",-0.49353123884514,"All"
"2008","1","gulf stream index",-0.0648864066856187,"All"
"2008","11","gulf stream index",-0.00730677103520948,"All"
"2008","12","gulf stream index",0.441204223028429,"All"
"2009","01","gulf stream index",-0.00194151687273056,"All"
"2009","02","gulf stream index",0.425170385302782,"All"
"2009","03","gulf stream index",0.572195647183971,"All"
"2009","04","gulf stream index",0.241247707067912,"All"
"2009","05","gulf stream index",0.51412191811628,"All"
"2009","06","gulf stream index",0.162578077599711,"All"
"2009","07","gulf stream index",0.69225509557125,"All"
"2009","08","gulf stream index",1.03960301176373,"All"
"2009","09","gulf stream index",1.57762232982724,"All"
"2009","1","gulf stream index",1.22872065990779,"All"
"2009","11","gulf stream index",0.807529026417937,"All"
"2009","12","gulf stream index",0.900124884077595,"All"
"2010","01","gulf stream index",1.36891183539676,"All"
"2010","02","gulf stream index",0.708047979372665,"All"
"2010","03","gulf stream index",-0.0755786912067106,"All"
"2010","04","gulf stream index",0.653731499640874,"All"
"2010","05","gulf stream index",0.51285429610015,"All"
"2010","06","gulf stream index",0.426314850805107,"All"
"2010","07","gulf stream index",0.499400402296861,"All"
"2010","08","gulf stream index",0.168521669251949,"All"
"2010","09","gulf stream index",0.429536245601214,"All"
"2010","1","gulf stream index",-0.028589813801753,"All"
"2010","11","gulf stream index",-0.339735386284927,"All"
"2010","12","gulf stream index",-0.216785028918937,"All"
"2011","01","gulf stream index",-0.378937202040116,"All"
"2011","02","gulf stream index",-0.200575239556439,"All"
"2011","03","gulf stream index",-0.290159786358433,"All"
"2011","04","gulf stream index",-0.0818371284375005,"All"
"2011","05","gulf stream index",-0.353134460633223,"All"
"2011","06","gulf stream index",0.182569252157958,"All"
"2011","07","gulf stream index",-0.175534017596767,"All"
"2011","08","gulf stream index",-0.335478908192103,"All"
"2011","09","gulf stream index",0.00438494214309644,"All"
"2011","1","gulf stream index",0.557822944049779,"All"
"2011","11","gulf stream index",-0.0540528750581204,"All"
"2011","12","gulf stream index",0.226792363333507,"All"
"2012","01","gulf stream index",-0.435628502145393,"All"
"2012","02","gulf stream index",0.103685189966885,"All"
"2012","03","gulf stream index",1.01417359609863,"All"
"2012","04","gulf stream index",1.23321063657532,"All"
"2012","05","gulf stream index",1.53183368255143,"All"
"2012","06","gulf stream index",1.20030836692487,"All"
"2012","07","gulf stream index",0.750034551696722,"All"
"2012","08","gulf stream index",0.382335279647188,"All"
"2012","09","gulf stream index",0.336960911345607,"All"
"2012","1","gulf stream index",0.70787539913411,"All"
"2012","11","gulf stream index",0.535022084156585,"All"
"2012","12","gulf stream index",1.1121533176961,"All"
"2013","01","gulf stream index",1.10275430229601,"All"
"2013","02","gulf stream index",1.15545012729496,"All"
"2013","03","gulf stream index",0.780827472380363,"All"
"2013","04","gulf stream index",0.613764809592282,"All"
"2013","05","gulf stream index",0.561876617097929,"All"
"2013","06","gulf stream index",0.12852427584252,"All"
"2013","07","gulf stream index",0.141180746504,"All"
"2013","08","gulf stream index",0.449766090619107,"All"
"2013","09","gulf stream index",0.835459914087726,"All"
"2013","1","gulf stream index",0.883897307688044,"All"
"2013","11","gulf stream index",1.0242638135338,"All"
"2013","12","gulf stream index",0.858376919214383,"All"
"2014","01","gulf stream index",0.665357296194718,"All"
"2014","02","gulf stream index",1.63678719991698,"All"
"2014","03","gulf stream index",1.282602050075,"All"
"2014","04","gulf stream index",1.15077570176741,"All"
"2014","05","gulf stream index",1.00066790909789,"All"
"2014","06","gulf stream index",1.1585743388268,"All"
"2014","07","gulf stream index",1.08513367218489,"All"
"2014","08","gulf stream index",1.20398262578939,"All"
"2014","09","gulf stream index",1.17772686639195,"All"
"2014","1","gulf stream index",0.94754146567816,"All"
"2014","11","gulf stream index",0.851040460553069,"All"
"2014","12","gulf stream index",1.40903163086946,"All"
"2015","01","gulf stream index",1.81346423511654,"All"
"2015","02","gulf stream index",2.00225856090739,"All"
"2015","03","gulf stream index",1.48617853012767,"All"
"2015","04","gulf stream index",1.14218534373597,"All"
"2015","05","gulf stream index",0.893857261443521,"All"
"2015","06","gulf stream index",0.672314437075262,"All"
"2015","07","gulf stream index",0.958797727183105,"All"
"2015","08","gulf stream index",0.488233587218306,"All"
"2015","09","gulf stream index",1.95988142793013,"All"
"2015","1","gulf stream index",1.63235531021811,"All"
"2015","11","gulf stream index",1.7802226571312,"All"
"2015","12","gulf stream index",0.769631359218427,"All"
"2016","01","gulf stream index",1.45812741315003,"All"
"2016","02","gulf stream index",2.14326439364818,"All"
"2016","03","gulf stream index",1.53418919343243,"All"
"2016","04","gulf stream index",1.47741356042729,"All"
"2016","05","gulf stream index",0.928248018938422,"All"
"2016","06","gulf stream index",1.44482661032004,"All"
"2016","07","gulf stream index",1.77259268421662,"All"
"2016","08","gulf stream index",2.14184072500384,"All"
"2016","09","gulf stream index",1.94610905790842,"All"
"2016","1","gulf stream index",1.61567894884169,"All"
"2016","11","gulf stream index",0.758345599379946,"All"
"2016","12","gulf stream index",0.703533175184077,"All"
"2017","01","gulf stream index",1.01233046712555,"All"
"2017","02","gulf stream index",0.852196711460898,"All"
"2017","03","gulf stream index",1.27587967933238,"All"
"2017","04","gulf stream index",0.748148414900092,"All"
"2017","05","gulf stream index",0.415354984054849,"All"
"2017","06","gulf stream index",0.70590626457627,"All"
"2017","07","gulf stream index",1.61481124191235,"All"
"2017","08","gulf stream index",1.23230803756866,"All"
"2017","09","gulf stream index",1.00913067748948,"All"
"2017","1","gulf stream index",1.02208332831862,"All"
"2017","11","gulf stream index",1.06254410493114,"All"
"2017","12","gulf stream index",0.985215015353453,"All"
"2018","01","gulf stream index",1.32274248925393,"All"
"2018","02","gulf stream index",1.93862683655409,"All"
"2018","03","gulf stream index",1.68064485875006,"All"
"2018","04","gulf stream index",1.64656041918238,"All"
"2018","05","gulf stream index",1.34196023261478,"All"
"2018","06","gulf stream index",1.10096049842399,"All"
"2018","07","gulf stream index",0.869355336639003,"All"
"2018","08","gulf stream index",0.714202967103432,"All"
"2018","09","gulf stream index",0.992746299387195,"All"
"2018","1","gulf stream index",1.33012086605558,"All"
"2018","11","gulf stream index",1.27610162589513,"All"
"2018","12","gulf stream index",1.17778975652183,"All"
"2019","01","gulf stream index",0.876207350790062,"All"
"2019","02","gulf stream index",1.77367436667698,"All"
"2019","03","gulf stream index",1.6859450630775,"All"
"2019","04","gulf stream index",1.29790060500529,"All"
"2019","05","gulf stream index",1.62630290052797,"All"
"2019","06","gulf stream index",1.24122615067641,"All"
"2019","07","gulf stream index",1.74737120262077,"All"
"2019","08","gulf stream index",1.89876362995898,"All"
"2019","09","gulf stream index",1.95854015767022,"All"
"2019","1","gulf stream index",1.46032414526988,"All"
"2019","11","gulf stream index",1.83146120840801,"All"
"2019","12","gulf stream index",1.97024349946212,"All"
"2020","01","gulf stream index",1.51752816355368,"All"
"2020","02","gulf stream index",1.41844116623828,"All"
"2020","03","gulf stream index",1.69549786490553,"All"
"2020","04","gulf stream index",0.994626156783624,"All"
"2020","05","gulf stream index",1.2660609650551,"All"
"2020","06","gulf stream index",0.9478683153894,"All"
"2020","07","gulf stream index",0.88267995464426,"All"
"2020","08","gulf stream index",0.965104868232031,"All"
"2020","09","gulf stream index",1.57345691191796,"All"
"2020","1","gulf stream index",1.58565969588035,"All"
"2020","11","gulf stream index",1.2199728857294,"All"
"2020","12","gulf stream index",1.17928233119357,"All"
"2021","01","gulf stream index",1.40400137678435,"All"
"2021","02","gulf stream index",1.59483208204544,"All"
"2021","03","gulf stream index",1.41991348627432,"All"
"2021","04","gulf stream index",1.38844365127372,"All"
"2021","05","gulf stream index",1.55006173926025,"All"
"2021","06","gulf stream index",1.45124071272359,"All"
"2021","07","gulf stream index",1.08882053006056,"All"
"2021","08","gulf stream index",1.15849388647025,"All"
"2021","09","gulf stream index",1.35614995609991,"All"
"2021","1","gulf stream index",1.50437306213824,"All"
"2021","11","gulf stream index",1.42856168480708,"All"
"2021","12","gulf stream index",0.568429643503564,"All"
